{
  "type": "FeatureCollection",
  "features": [
    {
      "type": "Feature",
      "geometry": {
        "coordinates": [
          -76.84013260635508,
          44.14855878536593
        ],
        "type": "Point"
      },
      "properties": {
        "capex_cad": 750000000,
        "current_stage": "ANNOUNCED",
        "id": "005bcc94-3fdd-5c7a-b77d-9f47cad5f870",
        "name": "Skyview 2 Battery Energy Storage System",
        "province": "ON",
        "scores": {
          "buildability": 20,
          "investability": 68.3,
          "strategicity": 37.5,
          "supplierability": 47.9,
          "trade_resilience": 68.6
        },
        "sector": "Clean Energy \u0026 Grid",
        "slug": "skyview-2-battery-energy-storage-system"
      }
    },
    {
      "type": "Feature",
      "geometry": {
        "coordinates": [
          -128.63390482274906,
          54.06154105091425
        ],
        "type": "Point"
      },
      "properties": {
        "capex_cad": 82000000,
        "current_stage": "CONSTRUCTION",
        "id": "01306db2-3cc8-5773-a2c2-163948231601",
        "name": "LNG Canada Load Interconnection Project",
        "province": "BC",
        "scores": {
          "buildability": 95,
          "investability": 65,
          "strategicity": 20,
          "supplierability": 66.7,
          "trade_resilience": 68.6
        },
        "sector": "Energy \u0026 Fuels",
        "slug": "lng-canada-load-interconnection-project"
      }
    },
    {
      "type": "Feature",
      "geometry": {
        "coordinates": [
          -114.72901405161481,
          49.80200658814145
        ],
        "type": "Point"
      },
      "properties": {
        "capex_cad": 561000000,
        "current_stage": "ANNOUNCED",
        "id": "02e952ac-30fd-5bdd-9ffa-17985fb90965",
        "name": "Crown Mountain Coal Project",
        "province": "BC",
        "scores": {
          "buildability": 20,
          "investability": 58.3,
          "strategicity": 20,
          "supplierability": 47.9,
          "trade_resilience": 68.6
        },
        "sector": "Mining \u0026 Metals",
        "slug": "crown-mountain-coal-project"
      }
    },
    {
      "type": "Feature",
      "geometry": {
        "coordinates": [
          -86.31900619666705,
          48.782009009451706
        ],
        "type": "Point"
      },
      "properties": {
        "capex_cad": 809000000,
        "current_stage": "ANNOUNCED",
        "id": "04e4f0ba-028c-5b3f-9922-e4dfe7c59713",
        "name": "Marathon PGM Copper Mine",
        "province": "ON",
        "scores": {
          "buildability": 20,
          "investability": 58.3,
          "strategicity": 20,
          "supplierability": 47.9,
          "trade_resilience": 68.6
        },
        "sector": "Mining \u0026 Metals",
        "slug": "marathon-pgm-copper-mine"
      }
    },
    {
      "type": "Feature",
      "geometry": {
        "coordinates": [
          -113.25314690001144,
          50.40378979208051
        ],
        "type": "Point"
      },
      "properties": {
        "capex_cad": 155000000,
        "current_stage": "ANNOUNCED",
        "id": "0806fbce-02d7-57f2-970d-395305cdf951",
        "name": "Vulcan Solar Project",
        "province": "AB",
        "scores": {
          "buildability": 20,
          "investability": 63.3,
          "strategicity": 37.5,
          "supplierability": 47.9,
          "trade_resilience": 68.6
        },
        "sector": "Clean Energy \u0026 Grid",
        "slug": "vulcan-solar-project"
      }
    },
    {
      "type": "Feature",
      "geometry": {
        "coordinates": [
          -73.94108478705101,
          45.84605120020925
        ],
        "type": "Point"
      },
      "properties": {
        "capex_cad": 200000000,
        "current_stage": "ANNOUNCED",
        "id": "09f7fc07-1392-565c-af9d-79b5808169e5",
        "name": "WM Sainte-Sophie Landfill RNG Facility",
        "province": "QC",
        "scores": {
          "buildability": 20,
          "investability": 63.3,
          "strategicity": 37.5,
          "supplierability": 47.9,
          "trade_resilience": 68.6
        },
        "sector": "Clean Energy \u0026 Grid",
        "slug": "wm-sainte-sophie-landfill-rng-facility"
      }
    },
    {
      "type": "Feature",
      "geometry": {
        "coordinates": [
          -98.29031004119356,
          49.97230824054932
        ],
        "type": "Point"
      },
      "properties": {
        "capex_cad": 84900000,
        "current_stage": "CONSTRUCTION",
        "id": "0a4a601c-6730-5a38-b000-7e2194654928",
        "name": "Portage Area Capacity Enhancements",
        "province": "MB",
        "scores": {
          "buildability": 95,
          "investability": 75,
          "strategicity": 37.5,
          "supplierability": 66.7,
          "trade_resilience": 68.6
        },
        "sector": "Clean Energy \u0026 Grid",
        "slug": "portage-area-capacity-enhancements"
      }
    },
    {
      "type": "Feature",
      "geometry": {
        "coordinates": [
          -78.14115341191967,
          48.07367737435365
        ],
        "type": "Point"
      },
      "properties": {
        "capex_cad": 1769200000,
        "current_stage": "CONSTRUCTION",
        "id": "0b642024-1b04-5137-989f-72da5477daab",
        "name": "Complexe Canadian Malartic - Odyssey Nord et Sud",
        "province": "QC",
        "scores": {
          "buildability": 95,
          "investability": 75,
          "strategicity": 20,
          "supplierability": 66.7,
          "trade_resilience": 68.6
        },
        "sector": "Mining \u0026 Metals",
        "slug": "complexe-canadian-malartic-odyssey-nord-et-sud"
      }
    },
    {
      "type": "Feature",
      "geometry": {
        "coordinates": [
          -106.21001236790673,
          50.8400075749283
        ],
        "type": "Point"
      },
      "properties": {
        "capex_cad": 352100000,
        "current_stage": "ANNOUNCED",
        "id": "0d418f96-3e16-589e-b6ae-9af9f057703a",
        "name": "The Tugaske Project",
        "province": "SK",
        "scores": {
          "buildability": 20,
          "investability": 58.3,
          "strategicity": 20,
          "supplierability": 47.9,
          "trade_resilience": 68.6
        },
        "sector": "Mining \u0026 Metals",
        "slug": "the-tugaske-project"
      }
    },
    {
      "type": "Feature",
      "geometry": {
        "coordinates": [
          -114.42401837089625,
          60.85400716897554
        ],
        "type": "Point"
      },
      "properties": {
        "capex_cad": 653300000,
        "current_stage": "ANNOUNCED",
        "id": "0eaa429d-d1f5-514a-ae0f-83406d8bb19e",
        "name": "Pine Point",
        "province": "NT",
        "scores": {
          "buildability": 20,
          "investability": 58.3,
          "strategicity": 38.8,
          "supplierability": 47.9,
          "trade_resilience": 68.6
        },
        "sector": "Mining \u0026 Metals",
        "slug": "pine-point"
      }
    },
    {
      "type": "Feature",
      "geometry": {
        "coordinates": [
          -133.64002062724154,
          58.70100432364988
        ],
        "type": "Point"
      },
      "properties": {
        "capex_cad": 143700000,
        "current_stage": "ANNOUNCED",
        "id": "0fd055d1-7528-54ba-80b2-26ab9b518412",
        "name": "New Polaris Gold Mine",
        "province": "BC",
        "scores": {
          "buildability": 20,
          "investability": 53.3,
          "strategicity": 20,
          "supplierability": 47.9,
          "trade_resilience": 68.6
        },
        "sector": "Mining \u0026 Metals",
        "slug": "new-polaris-gold-mine"
      }
    },
    {
      "type": "Feature",
      "geometry": {
        "coordinates": [
          -94.10691042372036,
          56.50690927832008
        ],
        "type": "Point"
      },
      "properties": {
        "capex_cad": 38600000,
        "current_stage": "CONSTRUCTION",
        "id": "1213e825-cf36-557d-95cf-9c5336004916",
        "name": "Limestone Units 1-3 \u0026 5-10 Stator Re-Wedge",
        "province": "MB",
        "scores": {
          "buildability": 95,
          "investability": 71.7,
          "strategicity": 37.5,
          "supplierability": 66.7,
          "trade_resilience": 68.6
        },
        "sector": "Clean Energy \u0026 Grid",
        "slug": "limestone-units-1-3-5-10-stator-re-wedge"
      }
    },
    {
      "type": "Feature",
      "geometry": {
        "coordinates": [
          -80.27606396997152,
          46.70591905275845
        ],
        "type": "Point"
      },
      "properties": {
        "capex_cad": 268700000,
        "current_stage": "ANNOUNCED",
        "id": "12ed5de3-38a9-50b5-a5ff-aad1cdb1bcea",
        "name": "River Valley Palladium",
        "province": "ON",
        "scores": {
          "buildability": 20,
          "investability": 58.3,
          "strategicity": 20,
          "supplierability": 47.9,
          "trade_resilience": 68.6
        },
        "sector": "Mining \u0026 Metals",
        "slug": "river-valley-palladium"
      }
    },
    {
      "type": "Feature",
      "geometry": {
        "coordinates": [
          -79.76800396771976,
          48.17500930847269
        ],
        "type": "Point"
      },
      "properties": {
        "capex_cad": 900000000,
        "current_stage": "ANNOUNCED",
        "id": "1332203b-002f-5c28-98e4-82dd3f880b97",
        "name": "Upper Beaver",
        "province": "ON",
        "scores": {
          "buildability": 20,
          "investability": 58.3,
          "strategicity": 20,
          "supplierability": 47.9,
          "trade_resilience": 68.6
        },
        "sector": "Mining \u0026 Metals",
        "slug": "upper-beaver"
      }
    },
    {
      "type": "Feature",
      "geometry": {
        "coordinates": [
          -121.9153005005524,
          55.87531699888506
        ],
        "type": "Point"
      },
      "properties": {
        "capex_cad": 1360000000,
        "current_stage": "ANNOUNCED",
        "id": "14ab6ba7-f3f4-507a-9c28-26ae2b4d29ff",
        "name": "Gething Coal Project",
        "province": "BC",
        "scores": {
          "buildability": 20,
          "investability": 63.3,
          "strategicity": 20,
          "supplierability": 47.9,
          "trade_resilience": 68.6
        },
        "sector": "Mining \u0026 Metals",
        "slug": "gething-coal-project"
      }
    },
    {
      "type": "Feature",
      "geometry": {
        "coordinates": [
          -111.58510376639647,
          57.04521839482405
        ],
        "type": "Point"
      },
      "properties": {
        "capex_cad": 3300000000,
        "current_stage": "CONSTRUCTION",
        "id": "153e3a12-cbaf-582f-b1dd-7ff7c5b0046a",
        "name": "Syncrude Mildred Lake Extension",
        "province": "AB",
        "scores": {
          "buildability": 95,
          "investability": 75,
          "strategicity": 20,
          "supplierability": 66.7,
          "trade_resilience": 68.6
        },
        "sector": "Energy \u0026 Fuels",
        "slug": "syncrude-mildred-lake-extension-153e3a12cbaf"
      }
    },
    {
      "type": "Feature",
      "geometry": {
        "coordinates": [
          -73.89710255296305,
          53.53961035327812
        ],
        "type": "Point"
      },
      "properties": {
        "capex_cad": 1373500000,
        "current_stage": "ANNOUNCED",
        "id": "15915161-8f3e-5a77-9a22-9998c8505382",
        "name": "Shaakichiuwaanaan",
        "province": "QC",
        "scores": {
          "buildability": 20,
          "investability": 63.3,
          "strategicity": 20,
          "supplierability": 47.9,
          "trade_resilience": 68.6
        },
        "sector": "Mining \u0026 Metals",
        "slug": "shaakichiuwaanaan"
      }
    },
    {
      "type": "Feature",
      "geometry": {
        "coordinates": [
          -77.97919336272669,
          48.137076392014535
        ],
        "type": "Point"
      },
      "properties": {
        "capex_cad": 435100000,
        "current_stage": "ANNOUNCED",
        "id": "1602f9c4-15bd-54cc-aff2-c2c6b3ac4113",
        "name": "Marban Project (prev. Marban Alliance)",
        "province": "QC",
        "scores": {
          "buildability": 20,
          "investability": 58.3,
          "strategicity": 20,
          "supplierability": 47.9,
          "trade_resilience": 68.6
        },
        "sector": "Mining \u0026 Metals",
        "slug": "marban-project-prev-marban-alliance"
      }
    },
    {
      "type": "Feature",
      "geometry": {
        "coordinates": [
          -122.74572286801184,
          53.92241583182545
        ],
        "type": "Point"
      },
      "properties": {
        "capex_cad": 70000000,
        "current_stage": "ANNOUNCED",
        "id": "17a48f6b-a793-5273-92ad-75fba2b38dca",
        "name": "Biofuel Facility",
        "province": "BC",
        "scores": {
          "buildability": 20,
          "investability": 63.3,
          "strategicity": 37.5,
          "supplierability": 47.9,
          "trade_resilience": 68.6
        },
        "sector": "Clean Energy \u0026 Grid",
        "slug": "biofuel-facility"
      }
    },
    {
      "type": "Feature",
      "geometry": {
        "coordinates": [
          -81.38640430050344,
          46.42350894960109
        ],
        "type": "Point"
      },
      "properties": {
        "capex_cad": 1000000000,
        "current_stage": "CONSTRUCTION",
        "id": "1b60cad8-5c5f-53e5-860c-2e0f07c9deba",
        "name": "Victoria Project",
        "province": "ON",
        "scores": {
          "buildability": 95,
          "investability": 70,
          "strategicity": 20,
          "supplierability": 66.7,
          "trade_resilience": 68.6
        },
        "sector": "Mining \u0026 Metals",
        "slug": "victoria-project"
      }
    },
    {
      "type": "Feature",
      "geometry": {
        "coordinates": [
          -128.8260198901801,
          58.47600505207062
        ],
        "type": "Point"
      },
      "properties": {
        "capex_cad": 2459100000,
        "current_stage": "ANNOUNCED",
        "id": "1b69523d-b2d0-5025-9bc9-1055174e2939",
        "name": "Turnagain Project",
        "province": "BC",
        "scores": {
          "buildability": 20,
          "investability": 63.3,
          "strategicity": 20,
          "supplierability": 47.9,
          "trade_resilience": 68.6
        },
        "sector": "Mining \u0026 Metals",
        "slug": "turnagain-project"
      }
    },
    {
      "type": "Feature",
      "geometry": {
        "coordinates": [
          -78.71949018864062,
          43.86987765370181
        ],
        "type": "Point"
      },
      "properties": {
        "capex_cad": 12800000000,
        "current_stage": "CONSTRUCTION",
        "id": "1b85ab1b-d361-5374-a5cf-1c15a5504556",
        "name": "Darlington Refurbishment Project",
        "province": "ON",
        "scores": {
          "buildability": 95,
          "investability": 88.3,
          "strategicity": 37.5,
          "supplierability": 77.5,
          "trade_resilience": 68.6
        },
        "sector": "Nuclear \u0026 Clean Power",
        "slug": "darlington-refurbishment-project"
      }
    },
    {
      "type": "Feature",
      "geometry": {
        "coordinates": [
          -129.97926772233177,
          57.85717888202591
        ],
        "type": "Point"
      },
      "properties": {
        "capex_cad": 300000000,
        "current_stage": "ANNOUNCED",
        "id": "1ba9a7ce-3a1a-5053-97d7-59ff1e924f77",
        "name": "Kinskuch Hydroelectric Project",
        "province": "BC",
        "scores": {
          "buildability": 20,
          "investability": 68.3,
          "strategicity": 37.5,
          "supplierability": 47.9,
          "trade_resilience": 68.6
        },
        "sector": "Clean Energy \u0026 Grid",
        "slug": "kinskuch-hydroelectric-project"
      }
    },
    {
      "type": "Feature",
      "geometry": {
        "coordinates": [
          -117.6498575653256,
          54.84183341959331
        ],
        "type": "Point"
      },
      "properties": {
        "capex_cad": 106000000,
        "current_stage": "ANNOUNCED",
        "id": "1c8c422a-ff62-5aca-bd54-cd58bfb6cbbe",
        "name": "Greenview Geothermal Power Plant (Alberta No. 1)",
        "province": "AB",
        "scores": {
          "buildability": 20,
          "investability": 63.3,
          "strategicity": 37.5,
          "supplierability": 47.9,
          "trade_resilience": 68.6
        },
        "sector": "Clean Energy \u0026 Grid",
        "slug": "greenview-geothermal-power-plant-alberta-no-1"
      }
    },
    {
      "type": "Feature",
      "geometry": {
        "coordinates": [
          -121.54588336902086,
          49.9389418236295
        ],
        "type": "Point"
      },
      "properties": {
        "capex_cad": 20000000,
        "current_stage": "ANNOUNCED",
        "id": "1d2737c7-e559-5e07-b914-0827635a18a9",
        "name": "Log Creek Water Power  Project",
        "province": "BC",
        "scores": {
          "buildability": 20,
          "investability": 60,
          "strategicity": 37.5,
          "supplierability": 47.9,
          "trade_resilience": 68.6
        },
        "sector": "Clean Energy \u0026 Grid",
        "slug": "log-creek-water-power-project"
      }
    },
    {
      "type": "Feature",
      "geometry": {
        "coordinates": [
          -121.56140635946164,
          53.08972595533802
        ],
        "type": "Point"
      },
      "properties": {
        "capex_cad": 881000000,
        "current_stage": "ANNOUNCED",
        "id": "1d4a5c91-b3bf-5b27-a735-653a3968f0af",
        "name": "Cariboo Gold Project",
        "province": "BC",
        "scores": {
          "buildability": 20,
          "investability": 58.3,
          "strategicity": 20,
          "supplierability": 47.9,
          "trade_resilience": 68.6
        },
        "sector": "Mining \u0026 Metals",
        "slug": "cariboo-gold-project"
      }
    },
    {
      "type": "Feature",
      "geometry": {
        "coordinates": [
          -81.58610414476549,
          44.32730859487263
        ],
        "type": "Point"
      },
      "properties": {
        "capex_cad": 13000000000,
        "current_stage": "CONSTRUCTION",
        "id": "2021c554-0959-52b4-ab5f-cbae850b5beb",
        "name": "Bruce Nuclear Refurbishment",
        "province": "ON",
        "scores": {
          "buildability": 95,
          "investability": 88.3,
          "strategicity": 37.5,
          "supplierability": 77.5,
          "trade_resilience": 68.6
        },
        "sector": "Nuclear \u0026 Clean Power",
        "slug": "bruce-nuclear-refurbishment"
      }
    },
    {
      "type": "Feature",
      "geometry": {
        "coordinates": [
          -123.03421539525135,
          49.14240561290611
        ],
        "type": "Point"
      },
      "properties": {
        "capex_cad": 3000000000,
        "current_stage": "ANNOUNCED",
        "id": "20a08c41-e69f-57f4-9b58-0c7d0ba7ef8e",
        "name": "Tilbury Phase 2 LNG expansion project",
        "province": "BC",
        "scores": {
          "buildability": 20,
          "investability": 63.3,
          "strategicity": 20,
          "supplierability": 47.9,
          "trade_resilience": 68.6
        },
        "sector": "Energy \u0026 Fuels",
        "slug": "tilbury-phase-2-lng-expansion-project"
      }
    },
    {
      "type": "Feature",
      "geometry": {
        "coordinates": [
          -115.58001490815992,
          52.18000664244126
        ],
        "type": "Point"
      },
      "properties": {
        "capex_cad": 593000000,
        "current_stage": "ANNOUNCED",
        "id": "20dcd189-e655-5294-ab86-ce5a66be7ed8",
        "name": "Aries",
        "province": "AB",
        "scores": {
          "buildability": 20,
          "investability": 58.3,
          "strategicity": 20,
          "supplierability": 47.9,
          "trade_resilience": 68.6
        },
        "sector": "Mining \u0026 Metals",
        "slug": "aries"
      }
    },
    {
      "type": "Feature",
      "geometry": {
        "coordinates": [
          -48.00539284949052,
          46.471909691658915
        ],
        "type": "Point"
      },
      "properties": {
        "capex_cad": 3800000000,
        "current_stage": "CONSTRUCTION",
        "id": "227ace82-24e3-5d56-b275-f15f31018cb5",
        "name": "White Rose Expansion - White Rose West",
        "province": "NL",
        "scores": {
          "buildability": 95,
          "investability": 75,
          "strategicity": 20,
          "supplierability": 66.7,
          "trade_resilience": 68.6
        },
        "sector": "Energy \u0026 Fuels",
        "slug": "white-rose-expansion-white-rose-west"
      }
    },
    {
      "type": "Feature",
      "geometry": {
        "coordinates": [
          -113.5936694692827,
          53.291085568662865
        ],
        "type": "Point"
      },
      "properties": {
        "capex_cad": 169000000,
        "current_stage": "ANNOUNCED",
        "id": "22f44df9-82e2-582a-90a7-5f0553befca7",
        "name": "Airport City Solar",
        "province": "AB",
        "scores": {
          "buildability": 20,
          "investability": 63.3,
          "strategicity": 37.5,
          "supplierability": 47.9,
          "trade_resilience": 68.6
        },
        "sector": "Clean Energy \u0026 Grid",
        "slug": "airport-city-solar"
      }
    },
    {
      "type": "Feature",
      "geometry": {
        "coordinates": [
          -79.71000417815658,
          50.016009581788296
        ],
        "type": "Point"
      },
      "properties": {
        "capex_cad": 731000000,
        "current_stage": "CONSTRUCTION",
        "id": "2361a9b5-1684-59ee-890d-d89fc8c58e02",
        "name": "Detour Lake open pit expansion and underground development",
        "province": "ON",
        "scores": {
          "buildability": 95,
          "investability": 70,
          "strategicity": 20,
          "supplierability": 66.7,
          "trade_resilience": 68.6
        },
        "sector": "Mining \u0026 Metals",
        "slug": "detour-lake-open-pit-expansion-and-underground-development"
      }
    },
    {
      "type": "Feature",
      "geometry": {
        "coordinates": [
          -113.91209598176626,
          53.515094918936676
        ],
        "type": "Point"
      },
      "properties": {
        "capex_cad": 40000000,
        "current_stage": "ANNOUNCED",
        "id": "23fb0345-e5ee-5a02-8973-57df46a93f15",
        "name": "Rocktree Solar Project (Fortis Stony Plain 434S DER Solar)",
        "province": "AB",
        "scores": {
          "buildability": 20,
          "investability": 60,
          "strategicity": 37.5,
          "supplierability": 47.9,
          "trade_resilience": 68.6
        },
        "sector": "Clean Energy \u0026 Grid",
        "slug": "rocktree-solar-project-fortis-stony-plain-434s-der-solar"
      }
    },
    {
      "type": "Feature",
      "geometry": {
        "coordinates": [
          -81.37309458617408,
          48.839729318971585
        ],
        "type": "Point"
      },
      "properties": {
        "capex_cad": 2835000000,
        "current_stage": "ANNOUNCED",
        "id": "25cba8e4-6469-5d7d-a653-0e09653e6c6d",
        "name": "Crawford",
        "province": "ON",
        "scores": {
          "buildability": 20,
          "investability": 63.3,
          "strategicity": 20,
          "supplierability": 47.9,
          "trade_resilience": 68.6
        },
        "sector": "Mining \u0026 Metals",
        "slug": "crawford"
      }
    },
    {
      "type": "Feature",
      "geometry": {
        "coordinates": [
          -67.04499946846897,
          46.365009516467026
        ],
        "type": "Point"
      },
      "properties": {
        "capex_cad": 579000000,
        "current_stage": "ANNOUNCED",
        "id": "26179d22-998c-5c5b-bd60-5a41aefe64ac",
        "name": "Sisson Project",
        "province": "NB",
        "scores": {
          "buildability": 20,
          "investability": 58.3,
          "strategicity": 20,
          "supplierability": 47.9,
          "trade_resilience": 68.6
        },
        "sector": "Mining \u0026 Metals",
        "slug": "sisson-project"
      }
    },
    {
      "type": "Feature",
      "geometry": {
        "coordinates": [
          -112.61193843788737,
          55.611718192527775
        ],
        "type": "Point"
      },
      "properties": {
        "capex_cad": 2927000000,
        "current_stage": "CONSTRUCTION",
        "id": "262feb07-3473-5045-8b5f-ae00426944cd",
        "name": "Blackrod",
        "province": "AB",
        "scores": {
          "buildability": 95,
          "investability": 75,
          "strategicity": 20,
          "supplierability": 66.7,
          "trade_resilience": 68.6
        },
        "sector": "Energy \u0026 Fuels",
        "slug": "blackrod"
      }
    },
    {
      "type": "Feature",
      "geometry": {
        "coordinates": [
          -122.66014132981157,
          58.772043036142314
        ],
        "type": "Point"
      },
      "properties": {
        "capex_cad": 100000000,
        "current_stage": "ANNOUNCED",
        "id": "2676cff7-63a8-5916-86fe-f15574c8afdc",
        "name": "Tu Deh Kah Geothermal Development",
        "province": "BC",
        "scores": {
          "buildability": 20,
          "investability": 63.3,
          "strategicity": 37.5,
          "supplierability": 47.9,
          "trade_resilience": 68.6
        },
        "sector": "Clean Energy \u0026 Grid",
        "slug": "tu-deh-kah-geothermal-development"
      }
    },
    {
      "type": "Feature",
      "geometry": {
        "coordinates": [
          -66.20675907830483,
          44.3923451902667
        ],
        "type": "Point"
      },
      "properties": {
        "capex_cad": 22000000,
        "current_stage": "CONSTRUCTION",
        "id": "26ce3baf-4bbf-5a3e-835e-a5a76760aa4d",
        "name": "The Nova Tidal Array (Petit Passage)",
        "province": "NS",
        "scores": {
          "buildability": 95,
          "investability": 71.7,
          "strategicity": 37.5,
          "supplierability": 66.7,
          "trade_resilience": 68.6
        },
        "sector": "Clean Energy \u0026 Grid",
        "slug": "the-nova-tidal-array-petit-passage"
      }
    },
    {
      "type": "Feature",
      "geometry": {
        "coordinates": [
          -111.84100795950293,
          57.34739237729774
        ],
        "type": "Point"
      },
      "properties": {
        "capex_cad": 350000000,
        "current_stage": "CONSTRUCTION",
        "id": "282ca62a-6587-5f4f-9717-b1e65a11ce5d",
        "name": "Naphtha Recovery Unit Tailings Treatment Project",
        "province": "AB",
        "scores": {
          "buildability": 95,
          "investability": 70,
          "strategicity": 20,
          "supplierability": 66.7,
          "trade_resilience": 68.6
        },
        "sector": "Energy \u0026 Fuels",
        "slug": "naphtha-recovery-unit-tailings-treatment-project"
      }
    },
    {
      "type": "Feature",
      "geometry": {
        "coordinates": [
          -104.05701203455665,
          51.70900787213243
        ],
        "type": "Point"
      },
      "properties": {
        "capex_cad": 789000000,
        "current_stage": "ANNOUNCED",
        "id": "28457794-0460-5270-ac49-0eaa76ae8f8b",
        "name": "Wynyard Potash Project",
        "province": "SK",
        "scores": {
          "buildability": 20,
          "investability": 58.3,
          "strategicity": 20,
          "supplierability": 47.9,
          "trade_resilience": 68.6
        },
        "sector": "Mining \u0026 Metals",
        "slug": "wynyard-potash-project"
      }
    },
    {
      "type": "Feature",
      "geometry": {
        "coordinates": [
          -139.51571696418452,
          62.847531272999404
        ],
        "type": "Point"
      },
      "properties": {
        "capex_cad": 317000000,
        "current_stage": "ANNOUNCED",
        "id": "2861b433-93f1-5b2a-a7cd-f9c1258dc008",
        "name": "Coffee Gold Mine",
        "province": "YT",
        "scores": {
          "buildability": 20,
          "investability": 58.3,
          "strategicity": 38.8,
          "supplierability": 47.9,
          "trade_resilience": 68.6
        },
        "sector": "Mining \u0026 Metals",
        "slug": "coffee-gold-mine"
      }
    },
    {
      "type": "Feature",
      "geometry": {
        "coordinates": [
          -57.073596025842335,
          48.41821002835787
        ],
        "type": "Point"
      },
      "properties": {
        "capex_cad": 854000000,
        "current_stage": "CONSTRUCTION",
        "id": "28f9c659-b62d-5335-84a9-e1e2134ad381",
        "name": "Valentine Gold Mine",
        "province": "NL",
        "scores": {
          "buildability": 95,
          "investability": 70,
          "strategicity": 20,
          "supplierability": 66.7,
          "trade_resilience": 68.6
        },
        "sector": "Mining \u0026 Metals",
        "slug": "valentine-gold-mine"
      }
    },
    {
      "type": "Feature",
      "geometry": {
        "coordinates": [
          -74.46663646041492,
          51.01113098447424
        ],
        "type": "Point"
      },
      "properties": {
        "capex_cad": 1074600000,
        "current_stage": "ANNOUNCED",
        "id": "2abfa028-5bc3-5ae1-a973-6c5ed9ee7cef",
        "name": "Troilus",
        "province": "QC",
        "scores": {
          "buildability": 20,
          "investability": 63.3,
          "strategicity": 20,
          "supplierability": 47.9,
          "trade_resilience": 68.6
        },
        "sector": "Mining \u0026 Metals",
        "slug": "troilus"
      }
    },
    {
      "type": "Feature",
      "geometry": {
        "coordinates": [
          -109.0896328587503,
          53.54445448051496
        ],
        "type": "Point"
      },
      "properties": {
        "capex_cad": 350000000,
        "current_stage": "CONSTRUCTION",
        "id": "2afe69f1-19f5-5364-be92-b883652a11c3",
        "name": "Spruce Lake East Lloyd",
        "province": "SK",
        "scores": {
          "buildability": 95,
          "investability": 70,
          "strategicity": 20,
          "supplierability": 66.7,
          "trade_resilience": 68.6
        },
        "sector": "Energy \u0026 Fuels",
        "slug": "spruce-lake-east-lloyd"
      }
    },
    {
      "type": "Feature",
      "geometry": {
        "coordinates": [
          -117.53001568297921,
          53.3300064699671
        ],
        "type": "Point"
      },
      "properties": {
        "capex_cad": 719000000,
        "current_stage": "ANNOUNCED",
        "id": "2c6cd9fb-24c1-5a01-8277-9a3ced2039ad",
        "name": "Vista' Coal Project (Vista Test Underground Mine and Vista Mine Phase II Expansion Projects)",
        "province": "AB",
        "scores": {
          "buildability": 20,
          "investability": 58.3,
          "strategicity": 20,
          "supplierability": 47.9,
          "trade_resilience": 68.6
        },
        "sector": "Mining \u0026 Metals",
        "slug": "vista-coal-project-vista-test-underground-mine-and-vista-mine-phase-ii-expansion-projects"
      }
    },
    {
      "type": "Feature",
      "geometry": {
        "coordinates": [
          -73.57270179046289,
          47.38120946849655
        ],
        "type": "Point"
      },
      "properties": {
        "capex_cad": 100000000,
        "current_stage": "ANNOUNCED",
        "id": "2dfbcb6b-a767-5ffc-adf7-11657dc8e20c",
        "name": "Centrale hydroélectrique Manouane Sipi (Dam B)",
        "province": "QC",
        "scores": {
          "buildability": 20,
          "investability": 63.3,
          "strategicity": 37.5,
          "supplierability": 47.9,
          "trade_resilience": 68.6
        },
        "sector": "Clean Energy \u0026 Grid",
        "slug": "centrale-hydroelectrique-manouane-sipi-dam-b"
      }
    },
    {
      "type": "Feature",
      "geometry": {
        "coordinates": [
          -110.93400418104007,
          49.593546980098836
        ],
        "type": "Point"
      },
      "properties": {
        "capex_cad": 700000000,
        "current_stage": "CONSTRUCTION",
        "id": "2ff59581-4b26-5d5d-848a-776607a70c87",
        "name": "Aira Solar Project",
        "province": "AB",
        "scores": {
          "buildability": 95,
          "investability": 80,
          "strategicity": 37.5,
          "supplierability": 66.7,
          "trade_resilience": 68.6
        },
        "sector": "Clean Energy \u0026 Grid",
        "slug": "aira-solar-project"
      }
    },
    {
      "type": "Feature",
      "geometry": {
        "coordinates": [
          -127.67201817700958,
          55.2568051973183
        ],
        "type": "Point"
      },
      "properties": {
        "capex_cad": 50000000,
        "current_stage": "CONSTRUCTION",
        "id": "301e7636-45f0-5743-a456-eeae5cf73eda",
        "name": "Torrefied pellet plant",
        "province": "BC",
        "scores": {
          "buildability": 95,
          "investability": 61.7,
          "strategicity": 20,
          "supplierability": 66.7,
          "trade_resilience": 68.6
        },
        "sector": "Forestry \u0026 Bioeconomy",
        "slug": "torrefied-pellet-plant"
      }
    },
    {
      "type": "Feature",
      "geometry": {
        "coordinates": [
          -132.39788606993898,
          53.514068535581025
        ],
        "type": "Point"
      },
      "properties": {
        "capex_cad": 50000000,
        "current_stage": "ANNOUNCED",
        "id": "318eb2d1-c429-5e6e-95ab-acd44453ace5",
        "name": "Harmony Gold Mine",
        "province": "BC",
        "scores": {
          "buildability": 20,
          "investability": 50,
          "strategicity": 20,
          "supplierability": 47.9,
          "trade_resilience": 68.6
        },
        "sector": "Mining \u0026 Metals",
        "slug": "harmony-gold-mine"
      }
    },
    {
      "type": "Feature",
      "geometry": {
        "coordinates": [
          -70.61666490630381,
          46.48334082923308
        ],
        "type": "Point"
      },
      "properties": {
        "capex_cad": 300000000,
        "current_stage": "ANNOUNCED",
        "id": "33ded977-e3db-57ef-91db-c3234363bb4e",
        "name": "Usine de production d'éthanol cellulosique",
        "province": "QC",
        "scores": {
          "buildability": 20,
          "investability": 68.3,
          "strategicity": 37.5,
          "supplierability": 47.9,
          "trade_resilience": 68.6
        },
        "sector": "Clean Energy \u0026 Grid",
        "slug": "usine-de-production-d-ethanol-cellulosique"
      }
    },
    {
      "type": "Feature",
      "geometry": {
        "coordinates": [
          -128.701620786436,
          60.06400506802452
        ],
        "type": "Point"
      },
      "properties": {
        "capex_cad": 30000000,
        "current_stage": "CONSTRUCTION",
        "id": "349ceaab-be11-52cf-9628-2d5f84775e02",
        "name": "Sādę Solar Watson Lake",
        "province": "YT",
        "scores": {
          "buildability": 95,
          "investability": 71.7,
          "strategicity": 56.3,
          "supplierability": 66.7,
          "trade_resilience": 68.6
        },
        "sector": "Clean Energy \u0026 Grid",
        "slug": "s-d-solar-watson-lake"
      }
    },
    {
      "type": "Feature",
      "geometry": {
        "coordinates": [
          -114.85204509906578,
          49.88479657979064
        ],
        "type": "Point"
      },
      "properties": {
        "capex_cad": 140000000,
        "current_stage": "ANNOUNCED",
        "id": "35340dd4-62b3-5cbf-a937-b6879e03b476",
        "name": "Line Creek Coal Mine Expansion",
        "province": "BC",
        "scores": {
          "buildability": 20,
          "investability": 53.3,
          "strategicity": 20,
          "supplierability": 47.9,
          "trade_resilience": 68.6
        },
        "sector": "Mining \u0026 Metals",
        "slug": "line-creek-coal-mine-expansion"
      }
    },
    {
      "type": "Feature",
      "geometry": {
        "coordinates": [
          -123.15902656864714,
          49.702858623121855
        ],
        "type": "Point"
      },
      "properties": {
        "capex_cad": 35000000,
        "current_stage": "CONSTRUCTION",
        "id": "3536306b-607e-5ab4-923f-b3fb4c3897a8",
        "name": "Cheakamus Recoat Units 1 \u0026 2 Penstock Project",
        "province": "BC",
        "scores": {
          "buildability": 95,
          "investability": 71.7,
          "strategicity": 37.5,
          "supplierability": 66.7,
          "trade_resilience": 68.6
        },
        "sector": "Clean Energy \u0026 Grid",
        "slug": "cheakamus-recoat-units-1-2-penstock-project"
      }
    },
    {
      "type": "Feature",
      "geometry": {
        "coordinates": [
          -56.23719574001282,
          49.5544102109413
        ],
        "type": "Point"
      },
      "properties": {
        "capex_cad": 75000000,
        "current_stage": "CONSTRUCTION",
        "id": "364bc181-ea38-5b6d-a23f-c0ff59654c7f",
        "name": "Hammerdown (Green Bay)",
        "province": "NL",
        "scores": {
          "buildability": 95,
          "investability": 65,
          "strategicity": 20,
          "supplierability": 66.7,
          "trade_resilience": 68.6
        },
        "sector": "Mining \u0026 Metals",
        "slug": "hammerdown-green-bay"
      }
    },
    {
      "type": "Feature",
      "geometry": {
        "coordinates": [
          -121.0185854294602,
          50.47073190941969
        ],
        "type": "Point"
      },
      "properties": {
        "capex_cad": 1100000000,
        "current_stage": "ANNOUNCED",
        "id": "3a423d40-b32e-5d24-adae-645545a3b4b9",
        "name": "Highland Valley Copper 2040 (HVC 2040)",
        "province": "BC",
        "scores": {
          "buildability": 20,
          "investability": 63.3,
          "strategicity": 20,
          "supplierability": 47.9,
          "trade_resilience": 68.6
        },
        "sector": "Mining \u0026 Metals",
        "slug": "highland-valley-copper-2040-hvc-2040"
      }
    },
    {
      "type": "Feature",
      "geometry": {
        "coordinates": [
          -72.51984153483136,
          46.35853323797983
        ],
        "type": "Point"
      },
      "properties": {
        "capex_cad": 24000000,
        "current_stage": "ANNOUNCED",
        "id": "3a694f0e-d31a-5173-9a6c-320ca3f27136",
        "name": "Kruger Wayagamack - Demonstration CCUS",
        "province": "QC",
        "scores": {
          "buildability": 20,
          "investability": 50,
          "strategicity": 20,
          "supplierability": 47.9,
          "trade_resilience": 68.6
        },
        "sector": "Forestry \u0026 Bioeconomy",
        "slug": "kruger-wayagamack-demonstration-ccus"
      }
    },
    {
      "type": "Feature",
      "geometry": {
        "coordinates": [
          -113.35782491617891,
          50.37388877900198
        ],
        "type": "Point"
      },
      "properties": {
        "capex_cad": 175000000,
        "current_stage": "ANNOUNCED",
        "id": "3c9743f9-a4e5-5dd8-a916-9eae8c60b6c7",
        "name": "Enterprise Solar Project",
        "province": "AB",
        "scores": {
          "buildability": 20,
          "investability": 63.3,
          "strategicity": 37.5,
          "supplierability": 47.9,
          "trade_resilience": 68.6
        },
        "sector": "Clean Energy \u0026 Grid",
        "slug": "enterprise-solar-project"
      }
    },
    {
      "type": "Feature",
      "geometry": {
        "coordinates": [
          -119.00529547594222,
          51.822204216193086
        ],
        "type": "Point"
      },
      "properties": {
        "capex_cad": 100000000,
        "current_stage": "ANNOUNCED",
        "id": "3ceaef8d-6c6a-50e6-9bd6-52dbd13a4a21",
        "name": "Ruddock Creek Zinc-Lead Mine Development Project",
        "province": "BC",
        "scores": {
          "buildability": 20,
          "investability": 53.3,
          "strategicity": 20,
          "supplierability": 47.9,
          "trade_resilience": 68.6
        },
        "sector": "Mining \u0026 Metals",
        "slug": "ruddock-creek-zinc-lead-mine-development-project"
      }
    },
    {
      "type": "Feature",
      "geometry": {
        "coordinates": [
          -110.80400462793247,
          54.58571435205573
        ],
        "type": "Point"
      },
      "properties": {
        "capex_cad": 500000000,
        "current_stage": "ANNOUNCED",
        "id": "3f9f1e9e-70af-5cb3-8db5-090ef4b90ff4",
        "name": "Marguerite Lake Compressed Air Energy Storage",
        "province": "AB",
        "scores": {
          "buildability": 20,
          "investability": 68.3,
          "strategicity": 37.5,
          "supplierability": 47.9,
          "trade_resilience": 68.6
        },
        "sector": "Clean Energy \u0026 Grid",
        "slug": "marguerite-lake-compressed-air-energy-storage"
      }
    },
    {
      "type": "Feature",
      "geometry": {
        "coordinates": [
          -95.56800930504849,
          50.22200850338435
        ],
        "type": "Point"
      },
      "properties": {
        "capex_cad": 84300000,
        "current_stage": "CONSTRUCTION",
        "id": "41d06534-b63b-5f32-97d5-d09a306b817e",
        "name": "Slave Falls 7 Bay Sluiceway Concrete Res",
        "province": "MB",
        "scores": {
          "buildability": 95,
          "investability": 75,
          "strategicity": 37.5,
          "supplierability": 66.7,
          "trade_resilience": 68.6
        },
        "sector": "Clean Energy \u0026 Grid",
        "slug": "slave-falls-7-bay-sluiceway-concrete-res"
      }
    },
    {
      "type": "Feature",
      "geometry": {
        "coordinates": [
          -62.64499791018769,
          45.58820948183215
        ],
        "type": "Point"
      },
      "properties": {
        "capex_cad": 175000000,
        "current_stage": "ANNOUNCED",
        "id": "42516906-c642-5f95-ab89-0f6aa5c9d9e8",
        "name": "District Energy System",
        "province": "NS",
        "scores": {
          "buildability": 20,
          "investability": 53.3,
          "strategicity": 20,
          "supplierability": 47.9,
          "trade_resilience": 68.6
        },
        "sector": "Forestry \u0026 Bioeconomy",
        "slug": "district-energy-system"
      }
    },
    {
      "type": "Feature",
      "geometry": {
        "coordinates": [
          -123.2527935730007,
          49.66667261106278
        ],
        "type": "Point"
      },
      "properties": {
        "capex_cad": 6880000000,
        "current_stage": "CONSTRUCTION",
        "id": "426ccf5e-e264-5eb5-93d9-6682e11ceeaf",
        "name": "Woodfibre LNG project",
        "province": "BC",
        "scores": {
          "buildability": 95,
          "investability": 75,
          "strategicity": 20,
          "supplierability": 66.7,
          "trade_resilience": 68.6
        },
        "sector": "Energy \u0026 Fuels",
        "slug": "woodfibre-lng-project"
      }
    },
    {
      "type": "Feature",
      "geometry": {
        "coordinates": [
          -111.27160428155803,
          49.696514952160506
        ],
        "type": "Point"
      },
      "properties": {
        "capex_cad": 400000000,
        "current_stage": "ANNOUNCED",
        "id": "4272b85f-b6e9-5d42-a84a-cf94d4ce21ee",
        "name": "Forty Mile Solar Farm",
        "province": "AB",
        "scores": {
          "buildability": 20,
          "investability": 68.3,
          "strategicity": 37.5,
          "supplierability": 47.9,
          "trade_resilience": 68.6
        },
        "sector": "Clean Energy \u0026 Grid",
        "slug": "forty-mile-solar-farm"
      }
    },
    {
      "type": "Feature",
      "geometry": {
        "coordinates": [
          -109.31676043002705,
          57.63575670697263
        ],
        "type": "Point"
      },
      "properties": {
        "capex_cad": 1155000000,
        "current_stage": "ANNOUNCED",
        "id": "44275fa8-23c0-5536-b666-c62127de264d",
        "name": "Patterson Lake South",
        "province": "SK",
        "scores": {
          "buildability": 20,
          "investability": 63.3,
          "strategicity": 20,
          "supplierability": 47.9,
          "trade_resilience": 68.6
        },
        "sector": "Mining \u0026 Metals",
        "slug": "patterson-lake-south"
      }
    },
    {
      "type": "Feature",
      "geometry": {
        "coordinates": [
          -123.45882586761996,
          50.57870562402451
        ],
        "type": "Point"
      },
      "properties": {
        "capex_cad": 100000000,
        "current_stage": "ANNOUNCED",
        "id": "489487d8-40b5-59cc-98e9-8c3ac175a135",
        "name": "Meager Creek Geothermal Project",
        "province": "BC",
        "scores": {
          "buildability": 20,
          "investability": 63.3,
          "strategicity": 37.5,
          "supplierability": 47.9,
          "trade_resilience": 68.6
        },
        "sector": "Clean Energy \u0026 Grid",
        "slug": "meager-creek-geothermal-project"
      }
    },
    {
      "type": "Feature",
      "geometry": {
        "coordinates": [
          -113.44601383107721,
          49.98142074177492
        ],
        "type": "Point"
      },
      "properties": {
        "capex_cad": 600000000,
        "current_stage": "ANNOUNCED",
        "id": "48cf6832-aa8a-546a-913b-7e6e9dcad538",
        "name": "Homestead Solar Project",
        "province": "AB",
        "scores": {
          "buildability": 20,
          "investability": 68.3,
          "strategicity": 37.5,
          "supplierability": 47.9,
          "trade_resilience": 68.6
        },
        "sector": "Clean Energy \u0026 Grid",
        "slug": "homestead-solar-project"
      }
    },
    {
      "type": "Feature",
      "geometry": {
        "coordinates": [
          -111.55785977985856,
          51.325488045728534
        ],
        "type": "Point"
      },
      "properties": {
        "capex_cad": 385000000,
        "current_stage": "CONSTRUCTION",
        "id": "491e11aa-9877-5a29-9c05-9f774dbc61a6",
        "name": "Sunnynook Solar Project",
        "province": "AB",
        "scores": {
          "buildability": 95,
          "investability": 80,
          "strategicity": 37.5,
          "supplierability": 66.7,
          "trade_resilience": 68.6
        },
        "sector": "Clean Energy \u0026 Grid",
        "slug": "sunnynook-solar-project"
      }
    },
    {
      "type": "Feature",
      "geometry": {
        "coordinates": [
          -117.52454425439852,
          53.53011154187485
        ],
        "type": "Point"
      },
      "properties": {
        "capex_cad": 200000000,
        "current_stage": "ANNOUNCED",
        "id": "49557d52-4ea8-5fc3-8bbd-6a0c3a8fca7e",
        "name": "Canyon Creek Hydro Power Project (storage)",
        "province": "AB",
        "scores": {
          "buildability": 20,
          "investability": 63.3,
          "strategicity": 37.5,
          "supplierability": 47.9,
          "trade_resilience": 68.6
        },
        "sector": "Clean Energy \u0026 Grid",
        "slug": "canyon-creek-hydro-power-project-storage"
      }
    },
    {
      "type": "Feature",
      "geometry": {
        "coordinates": [
          -105.41001430673987,
          57.53000816844571
        ],
        "type": "Point"
      },
      "properties": {
        "capex_cad": 737000000,
        "current_stage": "ANNOUNCED",
        "id": "49c01818-a593-536e-af1f-7275a295f05e",
        "name": "Wheeler River - Gryphon",
        "province": "SK",
        "scores": {
          "buildability": 20,
          "investability": 58.3,
          "strategicity": 20,
          "supplierability": 47.9,
          "trade_resilience": 68.6
        },
        "sector": "Mining \u0026 Metals",
        "slug": "wheeler-river-gryphon"
      }
    },
    {
      "type": "Feature",
      "geometry": {
        "coordinates": [
          -136.69902333088874,
          62.34300375631277
        ],
        "type": "Point"
      },
      "properties": {
        "capex_cad": 220070000,
        "current_stage": "ANNOUNCED",
        "id": "4c819bbc-d6fa-5fac-988d-a9a98698988c",
        "name": "Carmacks Copper Project",
        "province": "YT",
        "scores": {
          "buildability": 20,
          "investability": 53.3,
          "strategicity": 38.8,
          "supplierability": 47.9,
          "trade_resilience": 68.6
        },
        "sector": "Mining \u0026 Metals",
        "slug": "carmacks-copper-project"
      }
    },
    {
      "type": "Feature",
      "geometry": {
        "coordinates": [
          -81.85879344053731,
          46.29198790349855
        ],
        "type": "Point"
      },
      "properties": {
        "capex_cad": 232900000,
        "current_stage": "ANNOUNCED",
        "id": "4d236dd6-ffe9-5cb8-9f66-d4c4e2433176",
        "name": "Shakespeare",
        "province": "ON",
        "scores": {
          "buildability": 20,
          "investability": 53.3,
          "strategicity": 20,
          "supplierability": 47.9,
          "trade_resilience": 68.6
        },
        "sector": "Mining \u0026 Metals",
        "slug": "shakespeare"
      }
    },
    {
      "type": "Feature",
      "geometry": {
        "coordinates": [
          -73.43509360332713,
          45.681224190687864
        ],
        "type": "Point"
      },
      "properties": {
        "capex_cad": 1490000000,
        "current_stage": "CONSTRUCTION",
        "id": "4d7d47d5-ed72-584b-9977-ae1fd6904e06",
        "name": "Usine de carburant à faible intensité carbone (inclut un électrolyseur)",
        "province": "QC",
        "scores": {
          "buildability": 95,
          "investability": 75,
          "strategicity": 20,
          "supplierability": 66.7,
          "trade_resilience": 68.6
        },
        "sector": "Energy \u0026 Fuels",
        "slug": "usine-de-carburant-a-faible-intensite-carbone-inclut-un-electrolyseur"
      }
    },
    {
      "type": "Feature",
      "geometry": {
        "coordinates": [
          -78.2573614856853,
          48.40059041915822
        ],
        "type": "Point"
      },
      "properties": {
        "capex_cad": 74850000,
        "current_stage": "ANNOUNCED",
        "id": "4e87548e-d686-5025-8829-3d20852509ad",
        "name": "Authier",
        "province": "QC",
        "scores": {
          "buildability": 20,
          "investability": 53.3,
          "strategicity": 20,
          "supplierability": 47.9,
          "trade_resilience": 68.6
        },
        "sector": "Mining \u0026 Metals",
        "slug": "authier"
      }
    },
    {
      "type": "Feature",
      "geometry": {
        "coordinates": [
          -130.32220114276933,
          54.31419282379263
        ],
        "type": "Point"
      },
      "properties": {
        "capex_cad": 750000000,
        "current_stage": "ANNOUNCED",
        "id": "4edd7484-d818-5d4f-9085-268579305e23",
        "name": "Ridley Island Energy Export Facility (REEF)",
        "province": "BC",
        "scores": {
          "buildability": 20,
          "investability": 58.3,
          "strategicity": 20,
          "supplierability": 47.9,
          "trade_resilience": 68.6
        },
        "sector": "Energy \u0026 Fuels",
        "slug": "ridley-island-energy-export-facility-reef"
      }
    },
    {
      "type": "Feature",
      "geometry": {
        "coordinates": [
          -64.24824743366972,
          44.92060532934184
        ],
        "type": "Point"
      },
      "properties": {
        "capex_cad": 68000000,
        "current_stage": "CONSTRUCTION",
        "id": "4fcfddf1-35ec-562d-9e94-d97d9a0a25ab",
        "name": "Benjamin Mills Wind Project",
        "province": "NS",
        "scores": {
          "buildability": 95,
          "investability": 75,
          "strategicity": 37.5,
          "supplierability": 66.7,
          "trade_resilience": 68.6
        },
        "sector": "Clean Energy \u0026 Grid",
        "slug": "benjamin-mills-wind-project"
      }
    },
    {
      "type": "Feature",
      "geometry": {
        "coordinates": [
          -113.60601493535256,
          53.57980695822925
        ],
        "type": "Point"
      },
      "properties": {
        "capex_cad": 1360000000,
        "current_stage": "ANNOUNCED",
        "id": "52cb6081-1b39-53ed-8085-aa686522e36a",
        "name": "Heidelberg Materials Carbon Capture Utilization and Storage Hub",
        "province": "AB",
        "scores": {
          "buildability": 20,
          "investability": 73.3,
          "strategicity": 37.5,
          "supplierability": 47.9,
          "trade_resilience": 68.6
        },
        "sector": "Clean Energy \u0026 Grid",
        "slug": "heidelberg-materials-carbon-capture-utilization-and-storage-hub"
      }
    },
    {
      "type": "Feature",
      "geometry": {
        "coordinates": [
          -111.11601349770832,
          50.66321104513456
        ],
        "type": "Point"
      },
      "properties": {
        "capex_cad": 500000000,
        "current_stage": "CONSTRUCTION",
        "id": "52f1553a-328a-5878-9d45-93cd62e65faa",
        "name": "Jurassic Solar and Battery Storage",
        "province": "AB",
        "scores": {
          "buildability": 95,
          "investability": 80,
          "strategicity": 37.5,
          "supplierability": 66.7,
          "trade_resilience": 68.6
        },
        "sector": "Clean Energy \u0026 Grid",
        "slug": "jurassic-solar-and-battery-storage"
      }
    },
    {
      "type": "Feature",
      "geometry": {
        "coordinates": [
          -110.84681502112532,
          55.639007409698884
        ],
        "type": "Point"
      },
      "properties": {
        "capex_cad": 3300000000,
        "current_stage": "CONSTRUCTION",
        "id": "5384a2be-d2d0-593f-9278-7d6a6198015b",
        "name": "Syncrude (Mildred Lake Extension)",
        "province": "AB",
        "scores": {
          "buildability": 95,
          "investability": 75,
          "strategicity": 20,
          "supplierability": 66.7,
          "trade_resilience": 68.6
        },
        "sector": "Energy \u0026 Fuels",
        "slug": "syncrude-mildred-lake-extension"
      }
    },
    {
      "type": "Feature",
      "geometry": {
        "coordinates": [
          -113.90162320322803,
          50.99367376151539
        ],
        "type": "Point"
      },
      "properties": {
        "capex_cad": 15000000,
        "current_stage": "CONSTRUCTION",
        "id": "54b4c5f4-8507-5b71-bee3-ccc9c30786f2",
        "name": "Asphalt Shingle Reprocessing Facility",
        "province": "AB",
        "scores": {
          "buildability": 95,
          "investability": 61.7,
          "strategicity": 20,
          "supplierability": 66.7,
          "trade_resilience": 68.6
        },
        "sector": "Energy \u0026 Fuels",
        "slug": "asphalt-shingle-reprocessing-facility"
      }
    },
    {
      "type": "Feature",
      "geometry": {
        "coordinates": [
          -116.85655362242744,
          56.17023567984927
        ],
        "type": "Point"
      },
      "properties": {
        "capex_cad": 400000000,
        "current_stage": "ANNOUNCED",
        "id": "54b9c099-75fa-5681-a537-0df7078f13e3",
        "name": "Peace River Arch Lithium Project",
        "province": "AB",
        "scores": {
          "buildability": 20,
          "investability": 58.3,
          "strategicity": 20,
          "supplierability": 47.9,
          "trade_resilience": 68.6
        },
        "sector": "Mining \u0026 Metals",
        "slug": "peace-river-arch-lithium-project"
      }
    },
    {
      "type": "Feature",
      "geometry": {
        "coordinates": [
          -55.81775260558225,
          52.39928762597729
        ],
        "type": "Point"
      },
      "properties": {
        "capex_cad": 421800000,
        "current_stage": "ANNOUNCED",
        "id": "557bc3d2-991f-5ae7-9928-756a065700d3",
        "name": "Deep Fox + Foxtrot",
        "province": "NL",
        "scores": {
          "buildability": 20,
          "investability": 58.3,
          "strategicity": 20,
          "supplierability": 47.9,
          "trade_resilience": 68.6
        },
        "sector": "Mining \u0026 Metals",
        "slug": "deep-fox-foxtrot"
      }
    },
    {
      "type": "Feature",
      "geometry": {
        "coordinates": [
          -62.0998197500688,
          46.433855637314906
        ],
        "type": "Point"
      },
      "properties": {
        "capex_cad": 80000000,
        "current_stage": "CONSTRUCTION",
        "id": "5760a34e-eeac-553f-ba06-4005b2427027",
        "name": "PEIEC Wind Farm #5",
        "province": "PE",
        "scores": {
          "buildability": 95,
          "investability": 75,
          "strategicity": 37.5,
          "supplierability": 66.7,
          "trade_resilience": 68.6
        },
        "sector": "Clean Energy \u0026 Grid",
        "slug": "peiec-wind-farm-5"
      }
    },
    {
      "type": "Feature",
      "geometry": {
        "coordinates": [
          -79.5300034689153,
          44.08000865305886
        ],
        "type": "Point"
      },
      "properties": {
        "capex_cad": 352000000,
        "current_stage": "CONSTRUCTION",
        "id": "57b1618a-239c-5372-b646-3b1c8bc8dbd7",
        "name": "York – Battery Energy Storage System",
        "province": "ON",
        "scores": {
          "buildability": 95,
          "investability": 80,
          "strategicity": 37.5,
          "supplierability": 66.7,
          "trade_resilience": 68.6
        },
        "sector": "Clean Energy \u0026 Grid",
        "slug": "york-battery-energy-storage-system"
      }
    },
    {
      "type": "Feature",
      "geometry": {
        "coordinates": [
          -64.17399903374098,
          56.32501102824515
        ],
        "type": "Point"
      },
      "properties": {
        "capex_cad": 1631000000,
        "current_stage": "ANNOUNCED",
        "id": "590a34de-1d79-5938-a2e2-eb6e8db19169",
        "name": "Strange Lake / B-Zone",
        "province": "QC",
        "scores": {
          "buildability": 20,
          "investability": 63.3,
          "strategicity": 20,
          "supplierability": 47.9,
          "trade_resilience": 68.6
        },
        "sector": "Mining \u0026 Metals",
        "slug": "strange-lake-b-zone"
      }
    },
    {
      "type": "Feature",
      "geometry": {
        "coordinates": [
          -118.68336645342089,
          54.811932389186026
        ],
        "type": "Point"
      },
      "properties": {
        "capex_cad": 16620000000,
        "current_stage": "ANNOUNCED",
        "id": "5ce3a023-d7db-5b18-b936-a225ae91fb4d",
        "name": "Wonder Valley AI Data Centre Park (Phase 1)",
        "province": "AB",
        "scores": {
          "buildability": 20,
          "investability": 63.3,
          "strategicity": 20,
          "supplierability": 47.9,
          "trade_resilience": 68.6
        },
        "sector": "Energy \u0026 Fuels",
        "slug": "wonder-valley-ai-data-centre-park-phase-1"
      }
    },
    {
      "type": "Feature",
      "geometry": {
        "coordinates": [
          -100.04901080101858,
          51.149008208168205
        ],
        "type": "Point"
      },
      "properties": {
        "capex_cad": 21900000,
        "current_stage": "CONSTRUCTION",
        "id": "5d5a83b2-804d-5110-8d84-6c364f2d3a87",
        "name": "Dauphin Vermillion 230kV Stn Capacity In",
        "province": "MB",
        "scores": {
          "buildability": 95,
          "investability": 71.7,
          "strategicity": 37.5,
          "supplierability": 66.7,
          "trade_resilience": 68.6
        },
        "sector": "Clean Energy \u0026 Grid",
        "slug": "dauphin-vermillion-230kv-stn-capacity-in"
      }
    },
    {
      "type": "Feature",
      "geometry": {
        "coordinates": [
          -112.31131976780539,
          50.6740259163967
        ],
        "type": "Point"
      },
      "properties": {
        "capex_cad": 15000000,
        "current_stage": "ANNOUNCED",
        "id": "5ec039c6-8498-58de-8027-44535b04c050",
        "name": "Bassano 435S DER Solar",
        "province": "AB",
        "scores": {
          "buildability": 20,
          "investability": 60,
          "strategicity": 37.5,
          "supplierability": 47.9,
          "trade_resilience": 68.6
        },
        "sector": "Clean Energy \u0026 Grid",
        "slug": "bassano-435s-der-solar"
      }
    },
    {
      "type": "Feature",
      "geometry": {
        "coordinates": [
          -77.06035354155169,
          52.22926002733913
        ],
        "type": "Point"
      },
      "properties": {
        "capex_cad": 508700000,
        "current_stage": "ANNOUNCED",
        "id": "61d14600-200b-5e61-9ec6-e6717402bd41",
        "name": "Projet Galaxy Lithium",
        "province": "QC",
        "scores": {
          "buildability": 20,
          "investability": 58.3,
          "strategicity": 20,
          "supplierability": 47.9,
          "trade_resilience": 68.6
        },
        "sector": "Mining \u0026 Metals",
        "slug": "projet-galaxy-lithium"
      }
    },
    {
      "type": "Feature",
      "geometry": {
        "coordinates": [
          -119.19701509951295,
          50.44770612210984
        ],
        "type": "Point"
      },
      "properties": {
        "capex_cad": 35000000,
        "current_stage": "ANNOUNCED",
        "id": "62024f04-d4ab-53b2-9567-7c55ed38e753",
        "name": "Mill upgrade",
        "province": "BC",
        "scores": {
          "buildability": 20,
          "investability": 50,
          "strategicity": 20,
          "supplierability": 47.9,
          "trade_resilience": 68.6
        },
        "sector": "Forestry \u0026 Bioeconomy",
        "slug": "mill-upgrade-62024f04d4ab"
      }
    },
    {
      "type": "Feature",
      "geometry": {
        "coordinates": [
          -74.4035363157786,
          49.87561982143532
        ],
        "type": "Point"
      },
      "properties": {
        "capex_cad": 373000000,
        "current_stage": "ANNOUNCED",
        "id": "62ec8d4f-3874-5ee0-96f7-779d4c84b7ba",
        "name": "BlackRock - Mine",
        "province": "QC",
        "scores": {
          "buildability": 20,
          "investability": 58.3,
          "strategicity": 20,
          "supplierability": 47.9,
          "trade_resilience": 68.6
        },
        "sector": "Mining \u0026 Metals",
        "slug": "blackrock-mine"
      }
    },
    {
      "type": "Feature",
      "geometry": {
        "coordinates": [
          -86.30086686518703,
          52.741009526087495
        ],
        "type": "Point"
      },
      "properties": {
        "capex_cad": 609000000,
        "current_stage": "ANNOUNCED",
        "id": "63200eb7-3f9b-556d-a356-cf2262ed1eda",
        "name": "Eagle's Nest (McFaulds Lake)",
        "province": "ON",
        "scores": {
          "buildability": 20,
          "investability": 58.3,
          "strategicity": 20,
          "supplierability": 47.9,
          "trade_resilience": 68.6
        },
        "sector": "Mining \u0026 Metals",
        "slug": "eagle-s-nest-mcfaulds-lake"
      }
    },
    {
      "type": "Feature",
      "geometry": {
        "coordinates": [
          -76.10905848348709,
          45.54231605809882
        ],
        "type": "Point"
      },
      "properties": {
        "capex_cad": 120000000,
        "current_stage": "ANNOUNCED",
        "id": "63e7a961-d4b6-5ad4-97f2-db964897f41b",
        "name": "Fibre Pontiac (The Biomass Conversion Centre)",
        "province": "QC",
        "scores": {
          "buildability": 20,
          "investability": 63.3,
          "strategicity": 37.5,
          "supplierability": 47.9,
          "trade_resilience": 68.6
        },
        "sector": "Clean Energy \u0026 Grid",
        "slug": "fibre-pontiac-the-biomass-conversion-centre"
      }
    },
    {
      "type": "Feature",
      "geometry": {
        "coordinates": [
          -120.37502777981982,
          54.80866917107059
        ],
        "type": "Point"
      },
      "properties": {
        "capex_cad": 480000000,
        "current_stage": "ANNOUNCED",
        "id": "64c12a96-643e-5a8d-bd6a-1b890e6f3e8f",
        "name": "Red Willow Wind Farm",
        "province": "BC",
        "scores": {
          "buildability": 20,
          "investability": 68.3,
          "strategicity": 37.5,
          "supplierability": 47.9,
          "trade_resilience": 68.6
        },
        "sector": "Clean Energy \u0026 Grid",
        "slug": "red-willow-wind-farm"
      }
    },
    {
      "type": "Feature",
      "geometry": {
        "coordinates": [
          -74.02370317576472,
          49.83563383268572
        ],
        "type": "Point"
      },
      "properties": {
        "capex_cad": 321000000,
        "current_stage": "ANNOUNCED",
        "id": "660259df-4ae4-589d-b0d0-4d2a92abd6af",
        "name": "Lac Doré Vanadium",
        "province": "QC",
        "scores": {
          "buildability": 20,
          "investability": 58.3,
          "strategicity": 20,
          "supplierability": 47.9,
          "trade_resilience": 68.6
        },
        "sector": "Mining \u0026 Metals",
        "slug": "lac-dore-vanadium"
      }
    },
    {
      "type": "Feature",
      "geometry": {
        "coordinates": [
          -116.75002073521468,
          63.55000689263416
        ],
        "type": "Point"
      },
      "properties": {
        "capex_cad": 589000000,
        "current_stage": "ANNOUNCED",
        "id": "66bda531-9514-58d7-819e-da991e2207ce",
        "name": "NICO Cobalt-Gold-Bismuth Mine",
        "province": "NT",
        "scores": {
          "buildability": 20,
          "investability": 58.3,
          "strategicity": 38.8,
          "supplierability": 47.9,
          "trade_resilience": 68.6
        },
        "sector": "Mining \u0026 Metals",
        "slug": "nico-cobalt-gold-bismuth-mine"
      }
    },
    {
      "type": "Feature",
      "geometry": {
        "coordinates": [
          -110.70735324998958,
          50.07068104136028
        ],
        "type": "Point"
      },
      "properties": {
        "capex_cad": 120000000,
        "current_stage": "ANNOUNCED",
        "id": "671d6696-5cd2-5e03-97a5-177171b39caf",
        "name": "Saamis Solar Farm",
        "province": "AB",
        "scores": {
          "buildability": 20,
          "investability": 63.3,
          "strategicity": 37.5,
          "supplierability": 47.9,
          "trade_resilience": 68.6
        },
        "sector": "Clean Energy \u0026 Grid",
        "slug": "saamis-solar-farm"
      }
    },
    {
      "type": "Feature",
      "geometry": {
        "coordinates": [
          -112.28501642926246,
          58.15284035767626
        ],
        "type": "Point"
      },
      "properties": {
        "capex_cad": 16500000000,
        "current_stage": "ANNOUNCED",
        "id": "6764ded8-3b06-59ca-82ed-20b70bf228ab",
        "name": "Pathways Alliance Carbon Capture Storage Hub (Phase 1)",
        "province": "AB",
        "scores": {
          "buildability": 20,
          "investability": 73.3,
          "strategicity": 37.5,
          "supplierability": 47.9,
          "trade_resilience": 68.6
        },
        "sector": "Clean Energy \u0026 Grid",
        "slug": "pathways-alliance-carbon-capture-storage-hub-phase-1"
      }
    },
    {
      "type": "Feature",
      "geometry": {
        "coordinates": [
          -78.43600357621206,
          48.653009448949824
        ],
        "type": "Point"
      },
      "properties": {
        "capex_cad": 1357000000,
        "current_stage": "ANNOUNCED",
        "id": "67daa9fb-7ef8-520b-a084-ecc41c51afc5",
        "name": "Dumont Nickel",
        "province": "QC",
        "scores": {
          "buildability": 20,
          "investability": 63.3,
          "strategicity": 20,
          "supplierability": 47.9,
          "trade_resilience": 68.6
        },
        "sector": "Mining \u0026 Metals",
        "slug": "dumont-nickel"
      }
    },
    {
      "type": "Feature",
      "geometry": {
        "coordinates": [
          -129.78001962462818,
          57.72000491119735
        ],
        "type": "Point"
      },
      "properties": {
        "capex_cad": 2632000000,
        "current_stage": "ANNOUNCED",
        "id": "694050aa-df78-5942-b92a-c3863321b3f3",
        "name": "Red Chris Block Cave Expansion",
        "province": "BC",
        "scores": {
          "buildability": 20,
          "investability": 63.3,
          "strategicity": 20,
          "supplierability": 47.9,
          "trade_resilience": 68.6
        },
        "sector": "Mining \u0026 Metals",
        "slug": "red-chris-block-cave-expansion"
      }
    },
    {
      "type": "Feature",
      "geometry": {
        "coordinates": [
          -124.52480981895786,
          49.83605046771149
        ],
        "type": "Point"
      },
      "properties": {
        "capex_cad": 450000000,
        "current_stage": "ANNOUNCED",
        "id": "6a375eda-b773-5e74-9b9b-c004a86b1673",
        "name": "Hawkeye Green Energy Grid Project",
        "province": "BC",
        "scores": {
          "buildability": 20,
          "investability": 68.3,
          "strategicity": 37.5,
          "supplierability": 47.9,
          "trade_resilience": 68.6
        },
        "sector": "Clean Energy \u0026 Grid",
        "slug": "hawkeye-green-energy-grid-project"
      }
    },
    {
      "type": "Feature",
      "geometry": {
        "coordinates": [
          -122.28529883694632,
          54.05294189589867
        ],
        "type": "Point"
      },
      "properties": {
        "capex_cad": 130000000,
        "current_stage": "ANNOUNCED",
        "id": "6b02b949-de7d-5550-b6a6-c97361aee9ec",
        "name": "Giscome Quarry and Lime Plant Project",
        "province": "BC",
        "scores": {
          "buildability": 20,
          "investability": 53.3,
          "strategicity": 20,
          "supplierability": 47.9,
          "trade_resilience": 68.6
        },
        "sector": "Mining \u0026 Metals",
        "slug": "giscome-quarry-and-lime-plant-project"
      }
    },
    {
      "type": "Feature",
      "geometry": {
        "coordinates": [
          -120.8483104651631,
          56.250795152938124
        ],
        "type": "Point"
      },
      "properties": {
        "capex_cad": 16000000000,
        "current_stage": "CONSTRUCTION",
        "id": "6b59ba26-89cd-503f-8132-b2ed996350c2",
        "name": "Peace River Site C Hydro-electric project",
        "province": "BC",
        "scores": {
          "buildability": 95,
          "investability": 85,
          "strategicity": 37.5,
          "supplierability": 66.7,
          "trade_resilience": 68.6
        },
        "sector": "Clean Energy \u0026 Grid",
        "slug": "peace-river-site-c-hydro-electric-project"
      }
    },
    {
      "type": "Feature",
      "geometry": {
        "coordinates": [
          -71.20330093275318,
          46.83470946667822
        ],
        "type": "Point"
      },
      "properties": {
        "capex_cad": 43800000,
        "current_stage": "ANNOUNCED",
        "id": "6bb2ae0d-4c4e-5d23-ae39-cb5f2d423d3e",
        "name": "Projet de valorisation de la vapeur de l'incinérateur pour le CHU de Québec - Université Laval",
        "province": "QC",
        "scores": {
          "buildability": 20,
          "investability": 50,
          "strategicity": 20,
          "supplierability": 47.9,
          "trade_resilience": 68.6
        },
        "sector": "Energy \u0026 Fuels",
        "slug": "projet-de-valorisation-de-la-vapeur-de-l-incinerateur-pour-le-chu-de-quebec-universite-laval"
      }
    },
    {
      "type": "Feature",
      "geometry": {
        "coordinates": [
          -80.99349418830795,
          46.54039898881382
        ],
        "type": "Point"
      },
      "properties": {
        "capex_cad": 205000000,
        "current_stage": "CONSTRUCTION",
        "id": "6bc88f68-bfdd-580a-9069-f1cc42c538e6",
        "name": "Stobie",
        "province": "ON",
        "scores": {
          "buildability": 95,
          "investability": 65,
          "strategicity": 20,
          "supplierability": 66.7,
          "trade_resilience": 68.6
        },
        "sector": "Mining \u0026 Metals",
        "slug": "stobie"
      }
    },
    {
      "type": "Feature",
      "geometry": {
        "coordinates": [
          -70.71762200625507,
          49.88358496892095
        ],
        "type": "Point"
      },
      "properties": {
        "capex_cad": 2092500000,
        "current_stage": "ANNOUNCED",
        "id": "6d8080f5-f787-5802-aa68-3082bd09a538",
        "name": "Lac à Paul - Mine",
        "province": "QC",
        "scores": {
          "buildability": 20,
          "investability": 63.3,
          "strategicity": 20,
          "supplierability": 47.9,
          "trade_resilience": 68.6
        },
        "sector": "Mining \u0026 Metals",
        "slug": "lac-a-paul-mine"
      }
    },
    {
      "type": "Feature",
      "geometry": {
        "coordinates": [
          -73.70014777895034,
          46.73201035827539
        ],
        "type": "Point"
      },
      "properties": {
        "capex_cad": 480800000,
        "current_stage": "ANNOUNCED",
        "id": "6dd7bec9-08a2-52fb-a7b4-69c861b826cb",
        "name": "Matawinie",
        "province": "QC",
        "scores": {
          "buildability": 20,
          "investability": 58.3,
          "strategicity": 20,
          "supplierability": 47.9,
          "trade_resilience": 68.6
        },
        "sector": "Mining \u0026 Metals",
        "slug": "matawinie"
      }
    },
    {
      "type": "Feature",
      "geometry": {
        "coordinates": [
          -111.15659353076784,
          56.736821431867355
        ],
        "type": "Point"
      },
      "properties": {
        "capex_cad": 2000000000,
        "current_stage": "ANNOUNCED",
        "id": "6de99008-4dc8-59b5-a880-df5cee747e7c",
        "name": "TriStar Advanced (In Situ + Upgrader)",
        "province": "AB",
        "scores": {
          "buildability": 20,
          "investability": 63.3,
          "strategicity": 20,
          "supplierability": 47.9,
          "trade_resilience": 68.6
        },
        "sector": "Energy \u0026 Fuels",
        "slug": "tristar-advanced-in-situ-upgrader"
      }
    },
    {
      "type": "Feature",
      "geometry": {
        "coordinates": [
          -100.0310118088602,
          54.9100085621847
        ],
        "type": "Point"
      },
      "properties": {
        "capex_cad": 81000000,
        "current_stage": "ANNOUNCED",
        "id": "6f5cf23a-5fd6-5c85-a3c6-b9afb525630a",
        "name": "Snow Lake",
        "province": "MB",
        "scores": {
          "buildability": 20,
          "investability": 53.3,
          "strategicity": 20,
          "supplierability": 47.9,
          "trade_resilience": 68.6
        },
        "sector": "Mining \u0026 Metals",
        "slug": "snow-lake"
      }
    },
    {
      "type": "Feature",
      "geometry": {
        "coordinates": [
          -66.71179994376196,
          54.97491080040812
        ],
        "type": "Point"
      },
      "properties": {
        "capex_cad": 270400000,
        "current_stage": "ANNOUNCED",
        "id": "70a9b614-3a2e-55c9-8c2f-2fd063343eb6",
        "name": "Joyce Lake DSO (the Attikamagen Project)",
        "province": "NL",
        "scores": {
          "buildability": 20,
          "investability": 58.3,
          "strategicity": 20,
          "supplierability": 47.9,
          "trade_resilience": 68.6
        },
        "sector": "Mining \u0026 Metals",
        "slug": "joyce-lake-dso-the-attikamagen-project"
      }
    },
    {
      "type": "Feature",
      "geometry": {
        "coordinates": [
          -78.05921718200017,
          46.12374106752311
        ],
        "type": "Point"
      },
      "properties": {
        "capex_cad": 102000000,
        "current_stage": "ANNOUNCED",
        "id": "70ee81b6-214d-5634-a0ed-795889779ab0",
        "name": "Bissett Creek",
        "province": "ON",
        "scores": {
          "buildability": 20,
          "investability": 53.3,
          "strategicity": 20,
          "supplierability": 47.9,
          "trade_resilience": 68.6
        },
        "sector": "Mining \u0026 Metals",
        "slug": "bissett-creek"
      }
    },
    {
      "type": "Feature",
      "geometry": {
        "coordinates": [
          -113.04027587325821,
          53.775940037341286
        ],
        "type": "Point"
      },
      "properties": {
        "capex_cad": 300000000,
        "current_stage": "ANNOUNCED",
        "id": "7120d712-520c-5c98-a195-f58b51272865",
        "name": "Heartland Waste to Power Project",
        "province": "AB",
        "scores": {
          "buildability": 20,
          "investability": 68.3,
          "strategicity": 37.5,
          "supplierability": 47.9,
          "trade_resilience": 68.6
        },
        "sector": "Clean Energy \u0026 Grid",
        "slug": "heartland-waste-to-power-project"
      }
    },
    {
      "type": "Feature",
      "geometry": {
        "coordinates": [
          -118.19468608791263,
          51.049743272838825
        ],
        "type": "Point"
      },
      "properties": {
        "capex_cad": 32000000,
        "current_stage": "CONSTRUCTION",
        "id": "71799fa3-778a-5a03-be18-8c022e69f139",
        "name": "Mica 600V Circuit Breaker Upgrades Project",
        "province": "BC",
        "scores": {
          "buildability": 95,
          "investability": 71.7,
          "strategicity": 37.5,
          "supplierability": 66.7,
          "trade_resilience": 68.6
        },
        "sector": "Clean Energy \u0026 Grid",
        "slug": "mica-600v-circuit-breaker-upgrades-project"
      }
    },
    {
      "type": "Feature",
      "geometry": {
        "coordinates": [
          -76.17348847476067,
          45.19775099665911
        ],
        "type": "Point"
      },
      "properties": {
        "capex_cad": 29000000,
        "current_stage": "CONSTRUCTION",
        "id": "723463bc-fe65-565a-a8a3-91f23c9ae9d9",
        "name": "Almonte BESS 2",
        "province": "ON",
        "scores": {
          "buildability": 95,
          "investability": 71.7,
          "strategicity": 37.5,
          "supplierability": 66.7,
          "trade_resilience": 68.6
        },
        "sector": "Clean Energy \u0026 Grid",
        "slug": "almonte-bess-2"
      }
    },
    {
      "type": "Feature",
      "geometry": {
        "coordinates": [
          -118.19375507247065,
          51.001448269397514
        ],
        "type": "Point"
      },
      "properties": {
        "capex_cad": 56000000,
        "current_stage": "CONSTRUCTION",
        "id": "739210fb-ed12-59d9-9f2e-3f584c8a3a18",
        "name": "Mica Modernize Controls (Digital) Project",
        "province": "BC",
        "scores": {
          "buildability": 95,
          "investability": 75,
          "strategicity": 37.5,
          "supplierability": 66.7,
          "trade_resilience": 68.6
        },
        "sector": "Clean Energy \u0026 Grid",
        "slug": "mica-modernize-controls-digital-project"
      }
    },
    {
      "type": "Feature",
      "geometry": {
        "coordinates": [
          -93.61716384823941,
          50.85737374072946
        ],
        "type": "Point"
      },
      "properties": {
        "capex_cad": 1943200000,
        "current_stage": "ANNOUNCED",
        "id": "7565b4fa-d438-55ad-9e37-62d9226ded55",
        "name": "Great Bear",
        "province": "ON",
        "scores": {
          "buildability": 20,
          "investability": 63.3,
          "strategicity": 20,
          "supplierability": 47.9,
          "trade_resilience": 68.6
        },
        "sector": "Mining \u0026 Metals",
        "slug": "great-bear"
      }
    },
    {
      "type": "Feature",
      "geometry": {
        "coordinates": [
          -66.09149908118636,
          45.26270934868865
        ],
        "type": "Point"
      },
      "properties": {
        "capex_cad": 1100000000,
        "current_stage": "ANNOUNCED",
        "id": "75c429d4-f75d-52ab-a4fd-f013bedeccee",
        "name": "Saint John Pulp Mill Upgrades",
        "province": "NB",
        "scores": {
          "buildability": 20,
          "investability": 63.3,
          "strategicity": 20,
          "supplierability": 47.9,
          "trade_resilience": 68.6
        },
        "sector": "Forestry \u0026 Bioeconomy",
        "slug": "saint-john-pulp-mill-upgrades"
      }
    },
    {
      "type": "Feature",
      "geometry": {
        "coordinates": [
          -111.75402893118768,
          57.33624338775652
        ],
        "type": "Point"
      },
      "properties": {
        "capex_cad": 400000000,
        "current_stage": "ANNOUNCED",
        "id": "764e1d0d-8137-5d85-8b97-a830881e5c48",
        "name": "Titanium and Zircon Extraction Facility",
        "province": "AB",
        "scores": {
          "buildability": 20,
          "investability": 58.3,
          "strategicity": 20,
          "supplierability": 47.9,
          "trade_resilience": 68.6
        },
        "sector": "Mining \u0026 Metals",
        "slug": "titanium-and-zircon-extraction-facility"
      }
    },
    {
      "type": "Feature",
      "geometry": {
        "coordinates": [
          -119.81701553066624,
          51.51900610389491
        ],
        "type": "Point"
      },
      "properties": {
        "capex_cad": 1985000000,
        "current_stage": "ANNOUNCED",
        "id": "78dca41a-4bab-503f-bef6-5eccc9716bf4",
        "name": "Yellowhead Cooper Project",
        "province": "BC",
        "scores": {
          "buildability": 20,
          "investability": 63.3,
          "strategicity": 20,
          "supplierability": 47.9,
          "trade_resilience": 68.6
        },
        "sector": "Mining \u0026 Metals",
        "slug": "yellowhead-cooper-project"
      }
    },
    {
      "type": "Feature",
      "geometry": {
        "coordinates": [
          -113.12142762346306,
          49.44702573738304
        ],
        "type": "Point"
      },
      "properties": {
        "capex_cad": 425000000,
        "current_stage": "ANNOUNCED",
        "id": "7bdef9b2-6e49-5a17-bbfd-13cdb35f28bd",
        "name": "Pe-Na-Koyim Wind Project",
        "province": "AB",
        "scores": {
          "buildability": 20,
          "investability": 68.3,
          "strategicity": 37.5,
          "supplierability": 47.9,
          "trade_resilience": 68.6
        },
        "sector": "Clean Energy \u0026 Grid",
        "slug": "pe-na-koyim-wind-project"
      }
    },
    {
      "type": "Feature",
      "geometry": {
        "coordinates": [
          -118.56378144940811,
          52.00866727854351
        ],
        "type": "Point"
      },
      "properties": {
        "capex_cad": 144000000,
        "current_stage": "ANNOUNCED",
        "id": "7c15727b-3e50-51a3-acf7-ffb70a868695",
        "name": "Lower Wood River Hydropower Project",
        "province": "BC",
        "scores": {
          "buildability": 20,
          "investability": 63.3,
          "strategicity": 37.5,
          "supplierability": 47.9,
          "trade_resilience": 68.6
        },
        "sector": "Clean Energy \u0026 Grid",
        "slug": "lower-wood-river-hydropower-project"
      }
    },
    {
      "type": "Feature",
      "geometry": {
        "coordinates": [
          -82.43000421722917,
          42.28000819610947
        ],
        "type": "Point"
      },
      "properties": {
        "capex_cad": 172000000,
        "current_stage": "CONSTRUCTION",
        "id": "7cd596bc-37e6-54a3-9bc4-a420392938ee",
        "name": "Tilbury Battery Storage",
        "province": "ON",
        "scores": {
          "buildability": 95,
          "investability": 75,
          "strategicity": 37.5,
          "supplierability": 66.7,
          "trade_resilience": 68.6
        },
        "sector": "Clean Energy \u0026 Grid",
        "slug": "tilbury-battery-storage"
      }
    },
    {
      "type": "Feature",
      "geometry": {
        "coordinates": [
          -121.09072054181792,
          61.83390622649547
        ],
        "type": "Point"
      },
      "properties": {
        "capex_cad": 53000000,
        "current_stage": "ANNOUNCED",
        "id": "7cfc40d5-ab40-5809-9ace-42d8a6a31871",
        "name": "Line 21 (Norman Wells Pipeline) Segment Replacement Project",
        "province": "NT",
        "scores": {
          "buildability": 20,
          "investability": 53.3,
          "strategicity": 38.8,
          "supplierability": 47.9,
          "trade_resilience": 68.6
        },
        "sector": "Energy \u0026 Fuels",
        "slug": "line-21-norman-wells-pipeline-segment-replacement-project"
      }
    },
    {
      "type": "Feature",
      "geometry": {
        "coordinates": [
          -76.21521251147493,
          45.44589903736743
        ],
        "type": "Point"
      },
      "properties": {
        "capex_cad": 650000000,
        "current_stage": "ANNOUNCED",
        "id": "7d2c3b29-605e-57be-ad5c-2922bd42e6c7",
        "name": "Fitzroy South March BESS",
        "province": "ON",
        "scores": {
          "buildability": 20,
          "investability": 68.3,
          "strategicity": 37.5,
          "supplierability": 47.9,
          "trade_resilience": 68.6
        },
        "sector": "Clean Energy \u0026 Grid",
        "slug": "fitzroy-south-march-bess"
      }
    },
    {
      "type": "Feature",
      "geometry": {
        "coordinates": [
          -109.98372702277987,
          53.29464695644856
        ],
        "type": "Point"
      },
      "properties": {
        "capex_cad": 920000000,
        "current_stage": "ANNOUNCED",
        "id": "7d352217-e338-57e6-8624-72f2408c9ed3",
        "name": "Covenant Energy  Renewable Diesel Facility",
        "province": "SK",
        "scores": {
          "buildability": 20,
          "investability": 68.3,
          "strategicity": 37.5,
          "supplierability": 47.9,
          "trade_resilience": 68.6
        },
        "sector": "Clean Energy \u0026 Grid",
        "slug": "covenant-energy-renewable-diesel-facility"
      }
    },
    {
      "type": "Feature",
      "geometry": {
        "coordinates": [
          -111.76417718776113,
          52.55555110940332
        ],
        "type": "Point"
      },
      "properties": {
        "capex_cad": 105000000,
        "current_stage": "ANNOUNCED",
        "id": "7d4c8503-b7bb-5261-bda7-35c7f88a07de",
        "name": "Tempest Wind Power Project",
        "province": "AB",
        "scores": {
          "buildability": 20,
          "investability": 63.3,
          "strategicity": 37.5,
          "supplierability": 47.9,
          "trade_resilience": 68.6
        },
        "sector": "Clean Energy \u0026 Grid",
        "slug": "tempest-wind-power-project"
      }
    },
    {
      "type": "Feature",
      "geometry": {
        "coordinates": [
          -64.23958942328696,
          44.71885929532686
        ],
        "type": "Point"
      },
      "properties": {
        "capex_cad": 16000000,
        "current_stage": "CONSTRUCTION",
        "id": "7e16889c-f836-56f0-8a62-d1c534ff0204",
        "name": "Sustane Chester",
        "province": "NS",
        "scores": {
          "buildability": 95,
          "investability": 71.7,
          "strategicity": 37.5,
          "supplierability": 66.7,
          "trade_resilience": 68.6
        },
        "sector": "Clean Energy \u0026 Grid",
        "slug": "sustane-chester"
      }
    },
    {
      "type": "Feature",
      "geometry": {
        "coordinates": [
          -119.13301227310603,
          54.101287303887275
        ],
        "type": "Point"
      },
      "properties": {
        "capex_cad": 114000000,
        "current_stage": "ANNOUNCED",
        "id": "7eed214f-db29-5d1a-8891-e0fce404a2c1",
        "name": "Summit Coal/Mine 14",
        "province": "AB",
        "scores": {
          "buildability": 20,
          "investability": 53.3,
          "strategicity": 20,
          "supplierability": 47.9,
          "trade_resilience": 68.6
        },
        "sector": "Mining \u0026 Metals",
        "slug": "summit-coal-mine-14"
      }
    },
    {
      "type": "Feature",
      "geometry": {
        "coordinates": [
          -65.49581396276456,
          47.022834667708
        ],
        "type": "Point"
      },
      "properties": {
        "capex_cad": 70000000,
        "current_stage": "ANNOUNCED",
        "id": "812acbe7-9b4e-527d-a605-94a2811410f6",
        "name": "NES Wood Pellet Plant",
        "province": "NB",
        "scores": {
          "buildability": 20,
          "investability": 53.3,
          "strategicity": 20,
          "supplierability": 47.9,
          "trade_resilience": 68.6
        },
        "sector": "Forestry \u0026 Bioeconomy",
        "slug": "nes-wood-pellet-plant"
      }
    },
    {
      "type": "Feature",
      "geometry": {
        "coordinates": [
          -113.38417287374237,
          53.546099982986796
        ],
        "type": "Point"
      },
      "properties": {
        "capex_cad": 720000000,
        "current_stage": "CONSTRUCTION",
        "id": "8144785d-d901-5acf-8ca7-4cd2f1a01955",
        "name": "Strathcona Refinery Renewable Diesel Expansion",
        "province": "AB",
        "scores": {
          "buildability": 95,
          "investability": 80,
          "strategicity": 37.5,
          "supplierability": 66.7,
          "trade_resilience": 68.6
        },
        "sector": "Clean Energy \u0026 Grid",
        "slug": "strathcona-refinery-renewable-diesel-expansion"
      }
    },
    {
      "type": "Feature",
      "geometry": {
        "coordinates": [
          -120.871599055951,
          55.266604120834074
        ],
        "type": "Point"
      },
      "properties": {
        "capex_cad": 55000000,
        "current_stage": "ANNOUNCED",
        "id": "824a92e2-9c8c-5e8b-a04f-f37498cbfd33",
        "name": "Wolverine Coal Mine (Hermann Deposit)",
        "province": "BC",
        "scores": {
          "buildability": 20,
          "investability": 53.3,
          "strategicity": 20,
          "supplierability": 47.9,
          "trade_resilience": 68.6
        },
        "sector": "Mining \u0026 Metals",
        "slug": "wolverine-coal-mine-hermann-deposit"
      }
    },
    {
      "type": "Feature",
      "geometry": {
        "coordinates": [
          -74.78765200244551,
          45.00962902123348
        ],
        "type": "Point"
      },
      "properties": {
        "capex_cad": 600000000,
        "current_stage": "ANNOUNCED",
        "id": "829400fd-01e9-5a2e-b86a-9d10c36be6f7",
        "name": "R.H. Saunders Refurbishment",
        "province": "ON",
        "scores": {
          "buildability": 20,
          "investability": 68.3,
          "strategicity": 37.5,
          "supplierability": 47.9,
          "trade_resilience": 68.6
        },
        "sector": "Clean Energy \u0026 Grid",
        "slug": "r-h-saunders-refurbishment"
      }
    },
    {
      "type": "Feature",
      "geometry": {
        "coordinates": [
          -77.5007962027899,
          48.15003741677859
        ],
        "type": "Point"
      },
      "properties": {
        "capex_cad": 602200000,
        "current_stage": "ANNOUNCED",
        "id": "843c9026-e0cf-5427-831b-1d984bc5aea8",
        "name": "Novador",
        "province": "QC",
        "scores": {
          "buildability": 20,
          "investability": 58.3,
          "strategicity": 20,
          "supplierability": 47.9,
          "trade_resilience": 68.6
        },
        "sector": "Mining \u0026 Metals",
        "slug": "novador"
      }
    },
    {
      "type": "Feature",
      "geometry": {
        "coordinates": [
          -111.29001963946293,
          64.12000768901687
        ],
        "type": "Point"
      },
      "properties": {
        "capex_cad": 1034599999,
        "current_stage": "ANNOUNCED",
        "id": "84fd9218-e83e-5960-88b4-6fc70c535253",
        "name": "Courageous Lake",
        "province": "NT",
        "scores": {
          "buildability": 20,
          "investability": 63.3,
          "strategicity": 38.8,
          "supplierability": 47.9,
          "trade_resilience": 68.6
        },
        "sector": "Mining \u0026 Metals",
        "slug": "courageous-lake"
      }
    },
    {
      "type": "Feature",
      "geometry": {
        "coordinates": [
          -117.88806140147031,
          56.548165358548935
        ],
        "type": "Point"
      },
      "properties": {
        "capex_cad": 300000000,
        "current_stage": "ANNOUNCED",
        "id": "8502e442-9692-5318-800e-013272859ba4",
        "name": "Clear Hills Project",
        "province": "AB",
        "scores": {
          "buildability": 20,
          "investability": 58.3,
          "strategicity": 20,
          "supplierability": 47.9,
          "trade_resilience": 68.6
        },
        "sector": "Mining \u0026 Metals",
        "slug": "clear-hills-project"
      }
    },
    {
      "type": "Feature",
      "geometry": {
        "coordinates": [
          -123.11245344429159,
          49.27818960970724
        ],
        "type": "Point"
      },
      "properties": {
        "capex_cad": 100000000,
        "current_stage": "CONSTRUCTION",
        "id": "85a7c6fb-18a0-57b4-a9a5-bfcf0ecd5337",
        "name": "Creative Energy Plant",
        "province": "BC",
        "scores": {
          "buildability": 95,
          "investability": 75,
          "strategicity": 37.5,
          "supplierability": 66.7,
          "trade_resilience": 68.6
        },
        "sector": "Clean Energy \u0026 Grid",
        "slug": "creative-energy-plant"
      }
    },
    {
      "type": "Feature",
      "geometry": {
        "coordinates": [
          -62.17849274444202,
          45.52644247857685
        ],
        "type": "Point"
      },
      "properties": {
        "capex_cad": 225000000,
        "current_stage": "CONSTRUCTION",
        "id": "86d7b308-e3ae-57e2-bea4-006e21ce43ed",
        "name": "Weavers Mountain Wind Farm",
        "province": "NS",
        "scores": {
          "buildability": 95,
          "investability": 75,
          "strategicity": 37.5,
          "supplierability": 66.7,
          "trade_resilience": 68.6
        },
        "sector": "Clean Energy \u0026 Grid",
        "slug": "weavers-mountain-wind-farm"
      }
    },
    {
      "type": "Feature",
      "geometry": {
        "coordinates": [
          -104.69001224070671,
          51.85000782071534
        ],
        "type": "Point"
      },
      "properties": {
        "capex_cad": 6650000000,
        "current_stage": "CONSTRUCTION",
        "id": "8703f959-5c23-5433-a972-a7fbae86cb03",
        "name": "Jansen",
        "province": "SK",
        "scores": {
          "buildability": 95,
          "investability": 75,
          "strategicity": 20,
          "supplierability": 66.7,
          "trade_resilience": 68.6
        },
        "sector": "Mining \u0026 Metals",
        "slug": "jansen"
      }
    },
    {
      "type": "Feature",
      "geometry": {
        "coordinates": [
          -92.2930085513306,
          51.39610891156503
        ],
        "type": "Point"
      },
      "properties": {
        "capex_cad": 957700000,
        "current_stage": "ANNOUNCED",
        "id": "879500a1-d765-5a59-9fc4-a60df9c89788",
        "name": "Springpole Lake Gold Project",
        "province": "ON",
        "scores": {
          "buildability": 20,
          "investability": 58.3,
          "strategicity": 20,
          "supplierability": 47.9,
          "trade_resilience": 68.6
        },
        "sector": "Mining \u0026 Metals",
        "slug": "springpole-lake-gold-project"
      }
    },
    {
      "type": "Feature",
      "geometry": {
        "coordinates": [
          -113.13101269811,
          56.689006357656304
        ],
        "type": "Point"
      },
      "properties": {
        "capex_cad": 3200000000,
        "current_stage": "ANNOUNCED",
        "id": "8820c06d-387a-5e73-bc47-e663648a9399",
        "name": "Sepiko Kesik Project",
        "province": "AB",
        "scores": {
          "buildability": 20,
          "investability": 63.3,
          "strategicity": 20,
          "supplierability": 47.9,
          "trade_resilience": 68.6
        },
        "sector": "Energy \u0026 Fuels",
        "slug": "sepiko-kesik-project"
      }
    },
    {
      "type": "Feature",
      "geometry": {
        "coordinates": [
          -113.17863492462718,
          53.828815024705335
        ],
        "type": "Point"
      },
      "properties": {
        "capex_cad": 4500000000,
        "current_stage": "ANNOUNCED",
        "id": "88259d27-df57-50b1-9fe0-5449847b4582",
        "name": "Greenlight Electricity Centre",
        "province": "AB",
        "scores": {
          "buildability": 20,
          "investability": 63.3,
          "strategicity": 20,
          "supplierability": 47.9,
          "trade_resilience": 68.6
        },
        "sector": "Energy \u0026 Fuels",
        "slug": "greenlight-electricity-centre"
      }
    },
    {
      "type": "Feature",
      "geometry": {
        "coordinates": [
          -130.50001917267323,
          56.620004805302756
        ],
        "type": "Point"
      },
      "properties": {
        "capex_cad": 713000000,
        "current_stage": "ANNOUNCED",
        "id": "89683c77-3fde-5bfc-b2a7-909535ce18fb",
        "name": "Eskay Creek Mine",
        "province": "BC",
        "scores": {
          "buildability": 20,
          "investability": 58.3,
          "strategicity": 20,
          "supplierability": 47.9,
          "trade_resilience": 68.6
        },
        "sector": "Mining \u0026 Metals",
        "slug": "eskay-creek-mine"
      }
    },
    {
      "type": "Feature",
      "geometry": {
        "coordinates": [
          -75.64265666082503,
          49.026704639838165
        ],
        "type": "Point"
      },
      "properties": {
        "capex_cad": 788600000,
        "current_stage": "ANNOUNCED",
        "id": "8c5a508f-0fd1-5138-bcdd-a63c67fe770d",
        "name": "Windfall",
        "province": "QC",
        "scores": {
          "buildability": 20,
          "investability": 58.3,
          "strategicity": 20,
          "supplierability": 47.9,
          "trade_resilience": 68.6
        },
        "sector": "Mining \u0026 Metals",
        "slug": "windfall"
      }
    },
    {
      "type": "Feature",
      "geometry": {
        "coordinates": [
          -67.16937312320132,
          54.94982078449818
        ],
        "type": "Point"
      },
      "properties": {
        "capex_cad": 100000000,
        "current_stage": "ANNOUNCED",
        "id": "8dbba10c-52e5-5585-8d33-d2f76a014729",
        "name": "Howse Property Direct Shipping Ore Mine",
        "province": "NL",
        "scores": {
          "buildability": 20,
          "investability": 53.3,
          "strategicity": 20,
          "supplierability": 47.9,
          "trade_resilience": 68.6
        },
        "sector": "Mining \u0026 Metals",
        "slug": "howse-property-direct-shipping-ore-mine"
      }
    },
    {
      "type": "Feature",
      "geometry": {
        "coordinates": [
          -64.40966550695899,
          45.357413405075945
        ],
        "type": "Point"
      },
      "properties": {
        "capex_cad": 23300000,
        "current_stage": "ANNOUNCED",
        "id": "8dbf4c83-27d8-5f4f-8167-984089c2912c",
        "name": "In-Stream Tidal Demonstration Project",
        "province": "NS",
        "scores": {
          "buildability": 20,
          "investability": 60,
          "strategicity": 37.5,
          "supplierability": 47.9,
          "trade_resilience": 68.6
        },
        "sector": "Clean Energy \u0026 Grid",
        "slug": "in-stream-tidal-demonstration-project"
      }
    },
    {
      "type": "Feature",
      "geometry": {
        "coordinates": [
          -81.48394457153434,
          48.41809825125291
        ],
        "type": "Point"
      },
      "properties": {
        "capex_cad": 150000000,
        "current_stage": "ANNOUNCED",
        "id": "90327059-25b8-56c2-a167-dcee9b284d6a",
        "name": "West Cache",
        "province": "ON",
        "scores": {
          "buildability": 20,
          "investability": 53.3,
          "strategicity": 20,
          "supplierability": 47.9,
          "trade_resilience": 68.6
        },
        "sector": "Mining \u0026 Metals",
        "slug": "west-cache"
      }
    },
    {
      "type": "Feature",
      "geometry": {
        "coordinates": [
          -117.35159675881134,
          56.24325961802046
        ],
        "type": "Point"
      },
      "properties": {
        "capex_cad": 11000000,
        "current_stage": "CONSTRUCTION",
        "id": "9132bb33-36b5-5a07-8c3d-f88d09dda967",
        "name": "Peace River Energy Project",
        "province": "AB",
        "scores": {
          "buildability": 95,
          "investability": 71.7,
          "strategicity": 37.5,
          "supplierability": 66.7,
          "trade_resilience": 68.6
        },
        "sector": "Clean Energy \u0026 Grid",
        "slug": "peace-river-energy-project"
      }
    },
    {
      "type": "Feature",
      "geometry": {
        "coordinates": [
          -138.82302382397302,
          62.73900339189579
        ],
        "type": "Point"
      },
      "properties": {
        "capex_cad": 3617000000,
        "current_stage": "ANNOUNCED",
        "id": "93a793e3-b2a2-5a07-bcff-bbddb6ec70dc",
        "name": "Casino Mine",
        "province": "YT",
        "scores": {
          "buildability": 20,
          "investability": 63.3,
          "strategicity": 38.8,
          "supplierability": 47.9,
          "trade_resilience": 68.6
        },
        "sector": "Mining \u0026 Metals",
        "slug": "casino-mine"
      }
    },
    {
      "type": "Feature",
      "geometry": {
        "coordinates": [
          -77.8011840315436,
          44.291789769462085
        ],
        "type": "Point"
      },
      "properties": {
        "capex_cad": 77000000,
        "current_stage": "CONSTRUCTION",
        "id": "93d1a935-3a08-5eb4-861e-5ebee8778897",
        "name": "Ranney Falls Expansion",
        "province": "ON",
        "scores": {
          "buildability": 95,
          "investability": 65,
          "strategicity": 20,
          "supplierability": 66.7,
          "trade_resilience": 68.6
        },
        "sector": "Energy \u0026 Fuels",
        "slug": "ranney-falls-expansion"
      }
    },
    {
      "type": "Feature",
      "geometry": {
        "coordinates": [
          -105.41001430673987,
          57.53000816844571
        ],
        "type": "Point"
      },
      "properties": {
        "capex_cad": 419000000,
        "current_stage": "ANNOUNCED",
        "id": "94509df3-4c86-56a0-8d67-ed77b04d0527",
        "name": "Wheeler River - Phoenix",
        "province": "SK",
        "scores": {
          "buildability": 20,
          "investability": 58.3,
          "strategicity": 20,
          "supplierability": 47.9,
          "trade_resilience": 68.6
        },
        "sector": "Mining \u0026 Metals",
        "slug": "wheeler-river-phoenix"
      }
    },
    {
      "type": "Feature",
      "geometry": {
        "coordinates": [
          -79.62229383400211,
          47.406359196420134
        ],
        "type": "Point"
      },
      "properties": {
        "capex_cad": 77000000,
        "current_stage": "CONSTRUCTION",
        "id": "96c60681-34d7-52ec-933c-f25e2e9c422e",
        "name": "Cobalt Refinery Complex",
        "province": "ON",
        "scores": {
          "buildability": 95,
          "investability": 65,
          "strategicity": 20,
          "supplierability": 66.7,
          "trade_resilience": 68.6
        },
        "sector": "Mining \u0026 Metals",
        "slug": "cobalt-refinery-complex"
      }
    },
    {
      "type": "Feature",
      "geometry": {
        "coordinates": [
          -127.48676841941774,
          50.43487012859043
        ],
        "type": "Point"
      },
      "properties": {
        "capex_cad": 18000000,
        "current_stage": "ANNOUNCED",
        "id": "98619dbe-1643-526c-9634-65601cd4d532",
        "name": "Victoria Lake Hydro Project",
        "province": "BC",
        "scores": {
          "buildability": 20,
          "investability": 60,
          "strategicity": 37.5,
          "supplierability": 47.9,
          "trade_resilience": 68.6
        },
        "sector": "Clean Energy \u0026 Grid",
        "slug": "victoria-lake-hydro-project"
      }
    },
    {
      "type": "Feature",
      "geometry": {
        "coordinates": [
          -72.37303048636339,
          46.38263069507797
        ],
        "type": "Point"
      },
      "properties": {
        "capex_cad": 1247900000,
        "current_stage": "ANNOUNCED",
        "id": "9967a7ec-4e5e-5ff2-b1b8-ba7c71a6394b",
        "name": "Matawinie - Usine pilote de production de graphite purifié",
        "province": "QC",
        "scores": {
          "buildability": 20,
          "investability": 63.3,
          "strategicity": 20,
          "supplierability": 47.9,
          "trade_resilience": 68.6
        },
        "sector": "Mining \u0026 Metals",
        "slug": "matawinie-usine-pilote-de-production-de-graphite-purifie"
      }
    },
    {
      "type": "Feature",
      "geometry": {
        "coordinates": [
          -117.80108978074341,
          50.241338271704784
        ],
        "type": "Point"
      },
      "properties": {
        "capex_cad": 50000000,
        "current_stage": "ANNOUNCED",
        "id": "99d81f91-1286-5ab3-9655-8f3b7b31beac",
        "name": "Fosthall Creek Hydropower Project",
        "province": "BC",
        "scores": {
          "buildability": 20,
          "investability": 60,
          "strategicity": 37.5,
          "supplierability": 47.9,
          "trade_resilience": 68.6
        },
        "sector": "Clean Energy \u0026 Grid",
        "slug": "fosthall-creek-hydropower-project"
      }
    },
    {
      "type": "Feature",
      "geometry": {
        "coordinates": [
          -110.32929810639786,
          49.84235606340341
        ],
        "type": "Point"
      },
      "properties": {
        "capex_cad": 200000000,
        "current_stage": "ANNOUNCED",
        "id": "9a32bf68-c29b-5803-97ad-118cd8f6efd2",
        "name": "Buffalo Trail North Wind Project",
        "province": "AB",
        "scores": {
          "buildability": 20,
          "investability": 63.3,
          "strategicity": 37.5,
          "supplierability": 47.9,
          "trade_resilience": 68.6
        },
        "sector": "Clean Energy \u0026 Grid",
        "slug": "buffalo-trail-north-wind-project"
      }
    },
    {
      "type": "Feature",
      "geometry": {
        "coordinates": [
          -74.12034437396946,
          45.256783648130806
        ],
        "type": "Point"
      },
      "properties": {
        "capex_cad": 94000000,
        "current_stage": "ANNOUNCED",
        "id": "9ad32c60-727d-5261-a8a3-54b7bc6756ca",
        "name": "Implantation de mesures de réduction des émissions de GES et de conversion énergétique",
        "province": "QC",
        "scores": {
          "buildability": 20,
          "investability": 53.3,
          "strategicity": 20,
          "supplierability": 47.9,
          "trade_resilience": 68.6
        },
        "sector": "Energy \u0026 Fuels",
        "slug": "implantation-de-mesures-de-reduction-des-emissions-de-ges-et-de-conversion-energetique"
      }
    },
    {
      "type": "Feature",
      "geometry": {
        "coordinates": [
          -94.36921047473238,
          56.39790924556829
        ],
        "type": "Point"
      },
      "properties": {
        "capex_cad": 22000000,
        "current_stage": "CONSTRUCTION",
        "id": "9b08441d-58df-5a66-abe2-3a65eb5387b1",
        "name": "Long Spruce Generator Protection Replacement",
        "province": "MB",
        "scores": {
          "buildability": 95,
          "investability": 71.7,
          "strategicity": 37.5,
          "supplierability": 66.7,
          "trade_resilience": 68.6
        },
        "sector": "Clean Energy \u0026 Grid",
        "slug": "long-spruce-generator-protection-replacement"
      }
    },
    {
      "type": "Feature",
      "geometry": {
        "coordinates": [
          -124.95001709775694,
          53.566672534048
        ],
        "type": "Point"
      },
      "properties": {
        "capex_cad": 275000000,
        "current_stage": "ANNOUNCED",
        "id": "9c4585ac-51e0-554b-a3ca-02902ac30351",
        "name": "Kenney Dam Cold Water Release Facility",
        "province": "BC",
        "scores": {
          "buildability": 20,
          "investability": 58.3,
          "strategicity": 20,
          "supplierability": 47.9,
          "trade_resilience": 68.6
        },
        "sector": "Energy \u0026 Fuels",
        "slug": "kenney-dam-cold-water-release-facility"
      }
    },
    {
      "type": "Feature",
      "geometry": {
        "coordinates": [
          -114.70461843700394,
          51.21778868494428
        ],
        "type": "Point"
      },
      "properties": {
        "capex_cad": 208400000,
        "current_stage": "ANNOUNCED",
        "id": "9cee227e-a79e-555b-ae81-2f6daa24eeca",
        "name": "Ghost River WaterCharger Battery Energy Storage",
        "province": "AB",
        "scores": {
          "buildability": 20,
          "investability": 63.3,
          "strategicity": 37.5,
          "supplierability": 47.9,
          "trade_resilience": 68.6
        },
        "sector": "Clean Energy \u0026 Grid",
        "slug": "ghost-river-watercharger-battery-energy-storage"
      }
    },
    {
      "type": "Feature",
      "geometry": {
        "coordinates": [
          -106.6749938649092,
          52.255296646925
        ],
        "type": "Point"
      },
      "properties": {
        "capex_cad": 755000000,
        "current_stage": "ANNOUNCED",
        "id": "9fc9e71d-a45d-553b-8406-af9230da651b",
        "name": "Roughrider Project",
        "province": "SK",
        "scores": {
          "buildability": 20,
          "investability": 58.3,
          "strategicity": 20,
          "supplierability": 47.9,
          "trade_resilience": 68.6
        },
        "sector": "Mining \u0026 Metals",
        "slug": "roughrider-project"
      }
    },
    {
      "type": "Feature",
      "geometry": {
        "coordinates": [
          -106.42861914471649,
          65.54500838824258
        ],
        "type": "Point"
      },
      "properties": {
        "capex_cad": 610000000,
        "current_stage": "CONSTRUCTION",
        "id": "a04ee8b8-00e0-5499-b940-b21d80cab84e",
        "name": "Back River Gold Project (Goose)",
        "province": "NU",
        "scores": {
          "buildability": 95,
          "investability": 70,
          "strategicity": 38.8,
          "supplierability": 66.7,
          "trade_resilience": 68.6
        },
        "sector": "Mining \u0026 Metals",
        "slug": "back-river-gold-project-goose"
      }
    },
    {
      "type": "Feature",
      "geometry": {
        "coordinates": [
          -102.89001256432822,
          54.66000824378048
        ],
        "type": "Point"
      },
      "properties": {
        "capex_cad": 1082000000,
        "current_stage": "CONSTRUCTION",
        "id": "a07d914f-891d-58ae-8e53-bb17fd91673e",
        "name": "McIlvenna Bay",
        "province": "SK",
        "scores": {
          "buildability": 95,
          "investability": 75,
          "strategicity": 20,
          "supplierability": 66.7,
          "trade_resilience": 68.6
        },
        "sector": "Mining \u0026 Metals",
        "slug": "mcilvenna-bay"
      }
    },
    {
      "type": "Feature",
      "geometry": {
        "coordinates": [
          -95.55000931596169,
          50.30000851434925
        ],
        "type": "Point"
      },
      "properties": {
        "capex_cad": 308400000,
        "current_stage": "CONSTRUCTION",
        "id": "a1eae0c1-de02-5eee-8969-c4dcc788bb8d",
        "name": "Pointe du Bois Renewable Energy Project",
        "province": "MB",
        "scores": {
          "buildability": 95,
          "investability": 80,
          "strategicity": 37.5,
          "supplierability": 66.7,
          "trade_resilience": 68.6
        },
        "sector": "Clean Energy \u0026 Grid",
        "slug": "pointe-du-bois-renewable-energy-project"
      }
    },
    {
      "type": "Feature",
      "geometry": {
        "coordinates": [
          -106.66937938508543,
          50.454127493338916
        ],
        "type": "Point"
      },
      "properties": {
        "capex_cad": 300000000,
        "current_stage": "CONSTRUCTION",
        "id": "a3323697-b857-5083-926d-8f81c2bbc9e1",
        "name": "Sulphate of Potash production upgrade",
        "province": "SK",
        "scores": {
          "buildability": 95,
          "investability": 70,
          "strategicity": 20,
          "supplierability": 66.7,
          "trade_resilience": 68.6
        },
        "sector": "Mining \u0026 Metals",
        "slug": "sulphate-of-potash-production-upgrade"
      }
    },
    {
      "type": "Feature",
      "geometry": {
        "coordinates": [
          -67.0269998898326,
          52.82401051123534
        ],
        "type": "Point"
      },
      "properties": {
        "capex_cad": 3864000000,
        "current_stage": "ANNOUNCED",
        "id": "a4c83003-02bb-5c5b-a4ed-6b5d4cde6d1c",
        "name": "Kamistiatusset (Kami)",
        "province": "NL",
        "scores": {
          "buildability": 20,
          "investability": 63.3,
          "strategicity": 20,
          "supplierability": 47.9,
          "trade_resilience": 68.6
        },
        "sector": "Mining \u0026 Metals",
        "slug": "kamistiatusset-kami"
      }
    },
    {
      "type": "Feature",
      "geometry": {
        "coordinates": [
          -111.36066847007169,
          50.35223699524816
        ],
        "type": "Point"
      },
      "properties": {
        "capex_cad": 150000000,
        "current_stage": "CONSTRUCTION",
        "id": "a5b013fe-03f9-522e-95f4-9a5701d19217",
        "name": "Alderson Solar Power Project",
        "province": "AB",
        "scores": {
          "buildability": 95,
          "investability": 75,
          "strategicity": 37.5,
          "supplierability": 66.7,
          "trade_resilience": 68.6
        },
        "sector": "Clean Energy \u0026 Grid",
        "slug": "alderson-solar-power-project"
      }
    },
    {
      "type": "Feature",
      "geometry": {
        "coordinates": [
          -78.70653018556989,
          43.872692654798904
        ],
        "type": "Point"
      },
      "properties": {
        "capex_cad": 20900000000,
        "current_stage": "CONSTRUCTION",
        "id": "a6190299-31af-5bbe-8c34-29c2924008b5",
        "name": "New Nuclear Power Plant - Darlington Small Modular Reactor Project",
        "province": "ON",
        "scores": {
          "buildability": 95,
          "investability": 88.3,
          "strategicity": 37.5,
          "supplierability": 77.5,
          "trade_resilience": 68.6
        },
        "sector": "Nuclear \u0026 Clean Power",
        "slug": "new-nuclear-power-plant-darlington-small-modular-reactor-project"
      }
    },
    {
      "type": "Feature",
      "geometry": {
        "coordinates": [
          -79.06620329514541,
          43.80990862687256
        ],
        "type": "Point"
      },
      "properties": {
        "capex_cad": 6200000000,
        "current_stage": "ANNOUNCED",
        "id": "a631874c-2f64-558c-8bdf-14d0b142530a",
        "name": "Pickering Refubrishment Project",
        "province": "ON",
        "scores": {
          "buildability": 20,
          "investability": 76.7,
          "strategicity": 37.5,
          "supplierability": 63.4,
          "trade_resilience": 68.6
        },
        "sector": "Nuclear \u0026 Clean Power",
        "slug": "pickering-refubrishment-project"
      }
    },
    {
      "type": "Feature",
      "geometry": {
        "coordinates": [
          -74.83589156268846,
          50.73935892906081
        ],
        "type": "Point"
      },
      "properties": {
        "capex_cad": 962000000,
        "current_stage": "ANNOUNCED",
        "id": "a8034c73-8d08-53e7-a843-20bcaf2a5000",
        "name": "Moblan",
        "province": "QC",
        "scores": {
          "buildability": 20,
          "investability": 58.3,
          "strategicity": 20,
          "supplierability": 47.9,
          "trade_resilience": 68.6
        },
        "sector": "Mining \u0026 Metals",
        "slug": "moblan"
      }
    },
    {
      "type": "Feature",
      "geometry": {
        "coordinates": [
          -88.25960684002187,
          48.94650890309402
        ],
        "type": "Point"
      },
      "properties": {
        "capex_cad": 1600000000,
        "current_stage": "ANNOUNCED",
        "id": "a8aadd33-3346-54f8-8d37-71ce1660b7f3",
        "name": "Lithium Hydroxide Refinery",
        "province": "ON",
        "scores": {
          "buildability": 20,
          "investability": 63.3,
          "strategicity": 20,
          "supplierability": 47.9,
          "trade_resilience": 68.6
        },
        "sector": "Mining \u0026 Metals",
        "slug": "lithium-hydroxide-refinery"
      }
    },
    {
      "type": "Feature",
      "geometry": {
        "coordinates": [
          -56.07969568442761,
          49.92371026855891
        ],
        "type": "Point"
      },
      "properties": {
        "capex_cad": 320000000,
        "current_stage": "ANNOUNCED",
        "id": "aa807796-ee6d-515b-932e-32456491168f",
        "name": "Green Bay Copper-Gold Project (formerly Ming Mine)",
        "province": "NL",
        "scores": {
          "buildability": 20,
          "investability": 58.3,
          "strategicity": 20,
          "supplierability": 47.9,
          "trade_resilience": 68.6
        },
        "sector": "Mining \u0026 Metals",
        "slug": "green-bay-copper-gold-project-formerly-ming-mine"
      }
    },
    {
      "type": "Feature",
      "geometry": {
        "coordinates": [
          -79.04442323243475,
          43.14910851148513
        ],
        "type": "Point"
      },
      "properties": {
        "capex_cad": 1000000000,
        "current_stage": "ANNOUNCED",
        "id": "aa9cc04a-3011-51bb-be33-62aa85f95ee8",
        "name": "Sir Adam Beck Complex Refurbishment",
        "province": "ON",
        "scores": {
          "buildability": 20,
          "investability": 68.3,
          "strategicity": 37.5,
          "supplierability": 47.9,
          "trade_resilience": 68.6
        },
        "sector": "Clean Energy \u0026 Grid",
        "slug": "sir-adam-beck-complex-refurbishment"
      }
    },
    {
      "type": "Feature",
      "geometry": {
        "coordinates": [
          -125.58334814590174,
          55.91667549600581
        ],
        "type": "Point"
      },
      "properties": {
        "capex_cad": 100000000,
        "current_stage": "ANNOUNCED",
        "id": "ab7e2f7d-5866-5fa6-9732-4c2a49cd05bc",
        "name": "Lorraine-Jayjay Copper Mine",
        "province": "BC",
        "scores": {
          "buildability": 20,
          "investability": 53.3,
          "strategicity": 20,
          "supplierability": 47.9,
          "trade_resilience": 68.6
        },
        "sector": "Mining \u0026 Metals",
        "slug": "lorraine-jayjay-copper-mine"
      }
    },
    {
      "type": "Feature",
      "geometry": {
        "coordinates": [
          -103.86914915303966,
          58.25770039256929
        ],
        "type": "Point"
      },
      "properties": {
        "capex_cad": 300000000,
        "current_stage": "CONSTRUCTION",
        "id": "adf121d1-68a5-5847-8f0b-945913d71a24",
        "name": "McClean Lake Uranium Mine Expansion",
        "province": "SK",
        "scores": {
          "buildability": 95,
          "investability": 70,
          "strategicity": 20,
          "supplierability": 66.7,
          "trade_resilience": 68.6
        },
        "sector": "Mining \u0026 Metals",
        "slug": "mcclean-lake-uranium-mine-expansion"
      }
    },
    {
      "type": "Feature",
      "geometry": {
        "coordinates": [
          -110.99578104140443,
          55.59941238878263
        ],
        "type": "Point"
      },
      "properties": {
        "capex_cad": 1900000000,
        "current_stage": "ANNOUNCED",
        "id": "ae7ee4d9-6e46-5647-9e7a-4b45029b5b0a",
        "name": "Pike",
        "province": "AB",
        "scores": {
          "buildability": 20,
          "investability": 63.3,
          "strategicity": 20,
          "supplierability": 47.9,
          "trade_resilience": 68.6
        },
        "sector": "Energy \u0026 Fuels",
        "slug": "pike"
      }
    },
    {
      "type": "Feature",
      "geometry": {
        "coordinates": [
          -46.69999236006142,
          47.900009903486
        ],
        "type": "Point"
      },
      "properties": {
        "capex_cad": 16000000000,
        "current_stage": "ANNOUNCED",
        "id": "ae965ff3-c854-5a6b-aa8f-e329d9ee5ac6",
        "name": "Bay du Nord Offshore Oil Project",
        "province": "NL",
        "scores": {
          "buildability": 20,
          "investability": 63.3,
          "strategicity": 20,
          "supplierability": 47.9,
          "trade_resilience": 68.6
        },
        "sector": "Energy \u0026 Fuels",
        "slug": "bay-du-nord-offshore-oil-project"
      }
    },
    {
      "type": "Feature",
      "geometry": {
        "coordinates": [
          -122.69740590015343,
          58.80494569804989
        ],
        "type": "Point"
      },
      "properties": {
        "capex_cad": 29000000,
        "current_stage": "ANNOUNCED",
        "id": "af12a13a-2022-504a-9309-432a46c49730",
        "name": "Pellet Plant",
        "province": "BC",
        "scores": {
          "buildability": 20,
          "investability": 50,
          "strategicity": 20,
          "supplierability": 47.9,
          "trade_resilience": 68.6
        },
        "sector": "Forestry \u0026 Bioeconomy",
        "slug": "pellet-plant"
      }
    },
    {
      "type": "Feature",
      "geometry": {
        "coordinates": [
          -48.713372081034386,
          47.100054801869035
        ],
        "type": "Point"
      },
      "properties": {
        "capex_cad": 2300000000,
        "current_stage": "CONSTRUCTION",
        "id": "af24a196-d8cf-578d-bb5b-69214690c8b8",
        "name": "White Rose Expansion",
        "province": "NL",
        "scores": {
          "buildability": 95,
          "investability": 75,
          "strategicity": 20,
          "supplierability": 66.7,
          "trade_resilience": 68.6
        },
        "sector": "Energy \u0026 Fuels",
        "slug": "white-rose-expansion"
      }
    },
    {
      "type": "Feature",
      "geometry": {
        "coordinates": [
          -73.5479763864564,
          53.252079330428096
        ],
        "type": "Point"
      },
      "properties": {
        "capex_cad": 610000000,
        "current_stage": "ANNOUNCED",
        "id": "b01e5add-3090-5995-abc4-7c5376ed540b",
        "name": "Rose Lithium-Tantale",
        "province": "QC",
        "scores": {
          "buildability": 20,
          "investability": 58.3,
          "strategicity": 20,
          "supplierability": 47.9,
          "trade_resilience": 68.6
        },
        "sector": "Mining \u0026 Metals",
        "slug": "rose-lithium-tantale"
      }
    },
    {
      "type": "Feature",
      "geometry": {
        "coordinates": [
          -66.06856207473336,
          45.275189351486695
        ],
        "type": "Point"
      },
      "properties": {
        "capex_cad": 147000000,
        "current_stage": "CONSTRUCTION",
        "id": "b1650a5d-611d-50be-adcc-a63d6c9ae480",
        "name": "Smart Grid Investments Phase",
        "province": "NB",
        "scores": {
          "buildability": 95,
          "investability": 75,
          "strategicity": 37.5,
          "supplierability": 66.7,
          "trade_resilience": 68.6
        },
        "sector": "Clean Energy \u0026 Grid",
        "slug": "smart-grid-investments-phase"
      }
    },
    {
      "type": "Feature",
      "geometry": {
        "coordinates": [
          -71.1825440483223,
          48.42623972777314
        ],
        "type": "Point"
      },
      "properties": {
        "capex_cad": 250000000,
        "current_stage": "ANNOUNCED",
        "id": "b1d9d5db-8773-5c36-bd81-20ed146acfe0",
        "name": "Vaudreuil alumina refinery",
        "province": "QC",
        "scores": {
          "buildability": 20,
          "investability": 53.3,
          "strategicity": 20,
          "supplierability": 47.9,
          "trade_resilience": 68.6
        },
        "sector": "Mining \u0026 Metals",
        "slug": "vaudreuil-alumina-refinery"
      }
    },
    {
      "type": "Feature",
      "geometry": {
        "coordinates": [
          -110.87381498492836,
          55.527907399695295
        ],
        "type": "Point"
      },
      "properties": {
        "capex_cad": 750000000,
        "current_stage": "ANNOUNCED",
        "id": "b2a137a8-764c-5e3c-a252-5b2c966eb4ec",
        "name": "Jackfish",
        "province": "AB",
        "scores": {
          "buildability": 20,
          "investability": 58.3,
          "strategicity": 20,
          "supplierability": 47.9,
          "trade_resilience": 68.6
        },
        "sector": "Energy \u0026 Fuels",
        "slug": "jackfish"
      }
    },
    {
      "type": "Feature",
      "geometry": {
        "coordinates": [
          -77.79680329659247,
          48.09870939623464
        ],
        "type": "Point"
      },
      "properties": {
        "capex_cad": 310000000,
        "current_stage": "CONSTRUCTION",
        "id": "b2ba0fb9-27b5-5a17-b683-c5d6e164aef9",
        "name": "Mill modernisation",
        "province": "QC",
        "scores": {
          "buildability": 95,
          "investability": 70,
          "strategicity": 20,
          "supplierability": 66.7,
          "trade_resilience": 68.6
        },
        "sector": "Forestry \u0026 Bioeconomy",
        "slug": "mill-modernisation"
      }
    },
    {
      "type": "Feature",
      "geometry": {
        "coordinates": [
          -61.64217754832988,
          45.20304943006007
        ],
        "type": "Point"
      },
      "properties": {
        "capex_cad": 271000000,
        "current_stage": "ANNOUNCED",
        "id": "b3572f90-cdfb-5f2d-aba9-15cc930f221c",
        "name": "Goldboro Gold",
        "province": "NS",
        "scores": {
          "buildability": 20,
          "investability": 58.3,
          "strategicity": 20,
          "supplierability": 47.9,
          "trade_resilience": 68.6
        },
        "sector": "Mining \u0026 Metals",
        "slug": "goldboro-gold"
      }
    },
    {
      "type": "Feature",
      "geometry": {
        "coordinates": [
          -123.02352039431199,
          49.141803214496605
        ],
        "type": "Point"
      },
      "properties": {
        "capex_cad": 60000000,
        "current_stage": "ANNOUNCED",
        "id": "b4cac3c0-8376-53f6-8f2d-19318b8bf7ba",
        "name": "Tilbury LNG Phase 1B",
        "province": "BC",
        "scores": {
          "buildability": 20,
          "investability": 53.3,
          "strategicity": 20,
          "supplierability": 47.9,
          "trade_resilience": 68.6
        },
        "sector": "Energy \u0026 Fuels",
        "slug": "tilbury-lng-phase-1b"
      }
    },
    {
      "type": "Feature",
      "geometry": {
        "coordinates": [
          -117.73701652415909,
          49.33563122565679
        ],
        "type": "Point"
      },
      "properties": {
        "capex_cad": 50000000,
        "current_stage": "CONSTRUCTION",
        "id": "b4d5fb72-31a9-51a1-bb07-3898a9616e98",
        "name": "Mill upgrade",
        "province": "BC",
        "scores": {
          "buildability": 95,
          "investability": 61.7,
          "strategicity": 20,
          "supplierability": 66.7,
          "trade_resilience": 68.6
        },
        "sector": "Forestry \u0026 Bioeconomy",
        "slug": "mill-upgrade"
      }
    },
    {
      "type": "Feature",
      "geometry": {
        "coordinates": [
          -123.12562044560613,
          49.274225608574376
        ],
        "type": "Point"
      },
      "properties": {
        "capex_cad": 81000000,
        "current_stage": "CONSTRUCTION",
        "id": "b534d4e5-a6cb-513a-a066-273ffee375b8",
        "name": "Downtown Vancouver Electricity Supply - West End Strategic Property Purchase",
        "province": "BC",
        "scores": {
          "buildability": 95,
          "investability": 65,
          "strategicity": 20,
          "supplierability": 66.7,
          "trade_resilience": 68.6
        },
        "sector": "Energy \u0026 Fuels",
        "slug": "downtown-vancouver-electricity-supply-west-end-strategic-property-purchase"
      }
    },
    {
      "type": "Feature",
      "geometry": {
        "coordinates": [
          -114.86001418450607,
          50.20000659980213
        ],
        "type": "Point"
      },
      "properties": {
        "capex_cad": 2290000000,
        "current_stage": "ANNOUNCED",
        "id": "b639e79e-2832-57c2-ae4c-6178a87cb079",
        "name": "Fording River Castle Expansion",
        "province": "BC",
        "scores": {
          "buildability": 20,
          "investability": 63.3,
          "strategicity": 20,
          "supplierability": 47.9,
          "trade_resilience": 68.6
        },
        "sector": "Mining \u0026 Metals",
        "slug": "fording-river-castle-expansion"
      }
    },
    {
      "type": "Feature",
      "geometry": {
        "coordinates": [
          -117.22141212864338,
          60.97746477996914
        ],
        "type": "Point"
      },
      "properties": {
        "capex_cad": 60000000,
        "current_stage": "ANNOUNCED",
        "id": "b6c7138c-7731-5109-bc58-d42675e734ef",
        "name": "Fort Providence and Kakisa Transmission Line",
        "province": "NT",
        "scores": {
          "buildability": 20,
          "investability": 53.3,
          "strategicity": 38.8,
          "supplierability": 47.9,
          "trade_resilience": 68.6
        },
        "sector": "Energy \u0026 Fuels",
        "slug": "fort-providence-and-kakisa-transmission-line"
      }
    },
    {
      "type": "Feature",
      "geometry": {
        "coordinates": [
          -61.37092407029237,
          45.60570360575094
        ],
        "type": "Point"
      },
      "properties": {
        "capex_cad": 450000000,
        "current_stage": "CONSTRUCTION",
        "id": "b6d2b9ff-c4bc-5d53-b67d-75708012f5f8",
        "name": "Goose Harbour Lake Wind Farm (formerly Pirate Harbour)",
        "province": "NS",
        "scores": {
          "buildability": 95,
          "investability": 80,
          "strategicity": 37.5,
          "supplierability": 66.7,
          "trade_resilience": 68.6
        },
        "sector": "Clean Energy \u0026 Grid",
        "slug": "goose-harbour-lake-wind-farm-formerly-pirate-harbour"
      }
    },
    {
      "type": "Feature",
      "geometry": {
        "coordinates": [
          -120.53001502829507,
          49.330005909222564
        ],
        "type": "Point"
      },
      "properties": {
        "capex_cad": 167000000,
        "current_stage": "ANNOUNCED",
        "id": "b84596fe-3b2d-5258-81d0-25aaaa09cd80",
        "name": "New Ingerbelle",
        "province": "BC",
        "scores": {
          "buildability": 20,
          "investability": 53.3,
          "strategicity": 20,
          "supplierability": 47.9,
          "trade_resilience": 68.6
        },
        "sector": "Mining \u0026 Metals",
        "slug": "new-ingerbelle"
      }
    },
    {
      "type": "Feature",
      "geometry": {
        "coordinates": [
          -110.950615259331,
          56.193607428181664
        ],
        "type": "Point"
      },
      "properties": {
        "capex_cad": 6000000000,
        "current_stage": "ANNOUNCED",
        "id": "b89c7953-3d62-5d2f-8033-ad9ae63789ac",
        "name": "Surmont",
        "province": "AB",
        "scores": {
          "buildability": 20,
          "investability": 63.3,
          "strategicity": 20,
          "supplierability": 47.9,
          "trade_resilience": 68.6
        },
        "sector": "Energy \u0026 Fuels",
        "slug": "surmont"
      }
    },
    {
      "type": "Feature",
      "geometry": {
        "coordinates": [
          -112.71445927184739,
          61.443080421813875
        ],
        "type": "Point"
      },
      "properties": {
        "capex_cad": 1200000000,
        "current_stage": "CONSTRUCTION",
        "id": "b924cdd0-0eb1-5359-a812-847c3b5ec9f0",
        "name": "Taltson Hydroelectricity Expansion Project (Phase 1)",
        "province": "NT",
        "scores": {
          "buildability": 95,
          "investability": 85,
          "strategicity": 56.3,
          "supplierability": 66.7,
          "trade_resilience": 68.6
        },
        "sector": "Clean Energy \u0026 Grid",
        "slug": "taltson-hydroelectricity-expansion-project-phase-1"
      }
    },
    {
      "type": "Feature",
      "geometry": {
        "coordinates": [
          -113.90901971873586,
          63.18200729792352
        ],
        "type": "Point"
      },
      "properties": {
        "capex_cad": 193000000,
        "current_stage": "ANNOUNCED",
        "id": "b9df92c4-85b0-5de1-a68b-094d8ecd0156",
        "name": "Yellowknife Gold",
        "province": "NT",
        "scores": {
          "buildability": 20,
          "investability": 53.3,
          "strategicity": 38.8,
          "supplierability": 47.9,
          "trade_resilience": 68.6
        },
        "sector": "Mining \u0026 Metals",
        "slug": "yellowknife-gold"
      }
    },
    {
      "type": "Feature",
      "geometry": {
        "coordinates": [
          -120.84756646255396,
          56.24926915303787
        ],
        "type": "Point"
      },
      "properties": {
        "capex_cad": 400000000,
        "current_stage": "ANNOUNCED",
        "id": "baf00447-2db1-5461-898e-98c8618d4428",
        "name": "Hackney Hills Wind Park",
        "province": "BC",
        "scores": {
          "buildability": 20,
          "investability": 68.3,
          "strategicity": 37.5,
          "supplierability": 47.9,
          "trade_resilience": 68.6
        },
        "sector": "Clean Energy \u0026 Grid",
        "slug": "hackney-hills-wind-park"
      }
    },
    {
      "type": "Feature",
      "geometry": {
        "coordinates": [
          -112.75601433198032,
          52.29043997702485
        ],
        "type": "Point"
      },
      "properties": {
        "capex_cad": 160000000,
        "current_stage": "ANNOUNCED",
        "id": "bbc260a1-951a-51db-8779-1028b1cf5e34",
        "name": "Stettler Solar and Battery Storage Project",
        "province": "AB",
        "scores": {
          "buildability": 20,
          "investability": 63.3,
          "strategicity": 37.5,
          "supplierability": 47.9,
          "trade_resilience": 68.6
        },
        "sector": "Clean Energy \u0026 Grid",
        "slug": "stettler-solar-and-battery-storage-project"
      }
    },
    {
      "type": "Feature",
      "geometry": {
        "coordinates": [
          -122.43976408456514,
          56.96872095421967
        ],
        "type": "Point"
      },
      "properties": {
        "capex_cad": 870000000,
        "current_stage": "ANNOUNCED",
        "id": "bc649fac-ac70-5932-b967-978fbe2ba056",
        "name": "Aley Niobium Project",
        "province": "BC",
        "scores": {
          "buildability": 20,
          "investability": 58.3,
          "strategicity": 20,
          "supplierability": 47.9,
          "trade_resilience": 68.6
        },
        "sector": "Mining \u0026 Metals",
        "slug": "aley-niobium-project"
      }
    },
    {
      "type": "Feature",
      "geometry": {
        "coordinates": [
          -66.56890853566424,
          50.2621421578062
        ],
        "type": "Point"
      },
      "properties": {
        "capex_cad": 768000000,
        "current_stage": "ANNOUNCED",
        "id": "bc7679d6-96c0-522a-b2ef-e30c6274401b",
        "name": "Arnaud",
        "province": "QC",
        "scores": {
          "buildability": 20,
          "investability": 58.3,
          "strategicity": 20,
          "supplierability": 47.9,
          "trade_resilience": 68.6
        },
        "sector": "Mining \u0026 Metals",
        "slug": "arnaud"
      }
    },
    {
      "type": "Feature",
      "geometry": {
        "coordinates": [
          -113.3159718726142,
          53.58732799303856
        ],
        "type": "Point"
      },
      "properties": {
        "capex_cad": 4570000000,
        "current_stage": "CONSTRUCTION",
        "id": "bcb6144e-927a-551c-8442-de206194d452",
        "name": "Canada Net-Zero Hydrogen Energy Complex",
        "province": "AB",
        "scores": {
          "buildability": 95,
          "investability": 75,
          "strategicity": 20,
          "supplierability": 66.7,
          "trade_resilience": 68.6
        },
        "sector": "Energy \u0026 Fuels",
        "slug": "canada-net-zero-hydrogen-energy-complex"
      }
    },
    {
      "type": "Feature",
      "geometry": {
        "coordinates": [
          -108.9900153251352,
          57.590007744516775
        ],
        "type": "Point"
      },
      "properties": {
        "capex_cad": 2209000000,
        "current_stage": "ANNOUNCED",
        "id": "be38e57c-7693-52dc-b11a-847a9bc51472",
        "name": "Rook I",
        "province": "SK",
        "scores": {
          "buildability": 20,
          "investability": 63.3,
          "strategicity": 20,
          "supplierability": 47.9,
          "trade_resilience": 68.6
        },
        "sector": "Mining \u0026 Metals",
        "slug": "rook-i"
      }
    },
    {
      "type": "Feature",
      "geometry": {
        "coordinates": [
          -84.41081551177002,
          48.28345906006437
        ],
        "type": "Point"
      },
      "properties": {
        "capex_cad": 627400000,
        "current_stage": "CONSTRUCTION",
        "id": "becc68fa-2ebf-58f8-83be-25118c870331",
        "name": "Island Gold Expansion",
        "province": "ON",
        "scores": {
          "buildability": 95,
          "investability": 70,
          "strategicity": 20,
          "supplierability": 66.7,
          "trade_resilience": 68.6
        },
        "sector": "Mining \u0026 Metals",
        "slug": "island-gold-expansion"
      }
    },
    {
      "type": "Feature",
      "geometry": {
        "coordinates": [
          -133.07633015431946,
          69.29740414354742
        ],
        "type": "Point"
      },
      "properties": {
        "capex_cad": 160000000,
        "current_stage": "CONSTRUCTION",
        "id": "c04fefbf-5a2c-55d6-9247-cdc903a36a62",
        "name": "Inuvialuit Energy Security Project",
        "province": "NT",
        "scores": {
          "buildability": 95,
          "investability": 65,
          "strategicity": 38.8,
          "supplierability": 66.7,
          "trade_resilience": 68.6
        },
        "sector": "Energy \u0026 Fuels",
        "slug": "inuvialuit-energy-security-project"
      }
    },
    {
      "type": "Feature",
      "geometry": {
        "coordinates": [
          -91.4580078290333,
          48.938008672024736
        ],
        "type": "Point"
      },
      "properties": {
        "capex_cad": 1313000000,
        "current_stage": "ANNOUNCED",
        "id": "c0e7b955-a1b3-5b67-99d1-1dfc58ade3b1",
        "name": "Hammond Reef",
        "province": "ON",
        "scores": {
          "buildability": 20,
          "investability": 63.3,
          "strategicity": 20,
          "supplierability": 47.9,
          "trade_resilience": 68.6
        },
        "sector": "Mining \u0026 Metals",
        "slug": "hammond-reef"
      }
    },
    {
      "type": "Feature",
      "geometry": {
        "coordinates": [
          -66.65885890014313,
          54.69805376798678
        ],
        "type": "Point"
      },
      "properties": {
        "capex_cad": 86800000,
        "current_stage": "ANNOUNCED",
        "id": "c1121448-91d8-5716-94cb-a65f8bde908c",
        "name": "Houston Project",
        "province": "NL",
        "scores": {
          "buildability": 20,
          "investability": 53.3,
          "strategicity": 20,
          "supplierability": 47.9,
          "trade_resilience": 68.6
        },
        "sector": "Mining \u0026 Metals",
        "slug": "houston-project"
      }
    },
    {
      "type": "Feature",
      "geometry": {
        "coordinates": [
          -113.91401420907387,
          51.010139761953205
        ],
        "type": "Point"
      },
      "properties": {
        "capex_cad": 1500000000,
        "current_stage": "ANNOUNCED",
        "id": "c12dfd5d-ee71-5e69-9afe-0c11ca979b35",
        "name": "Future Energy Park Renewable Natural Gas and Ethanol Project",
        "province": "AB",
        "scores": {
          "buildability": 20,
          "investability": 73.3,
          "strategicity": 37.5,
          "supplierability": 47.9,
          "trade_resilience": 68.6
        },
        "sector": "Clean Energy \u0026 Grid",
        "slug": "future-energy-park-renewable-natural-gas-and-ethanol-project"
      }
    },
    {
      "type": "Feature",
      "geometry": {
        "coordinates": [
          -63.60783123985326,
          45.55120445602968
        ],
        "type": "Point"
      },
      "properties": {
        "capex_cad": 250000000,
        "current_stage": "CONSTRUCTION",
        "id": "c251b7a5-a09d-543d-a521-9dca89e6cbb9",
        "name": "Higgins Mountain Wind Farm",
        "province": "NS",
        "scores": {
          "buildability": 95,
          "investability": 75,
          "strategicity": 37.5,
          "supplierability": 66.7,
          "trade_resilience": 68.6
        },
        "sector": "Clean Energy \u0026 Grid",
        "slug": "higgins-mountain-wind-farm"
      }
    },
    {
      "type": "Feature",
      "geometry": {
        "coordinates": [
          -80.81837312268169,
          46.4746189873983
        ],
        "type": "Point"
      },
      "properties": {
        "capex_cad": 85000000,
        "current_stage": "ANNOUNCED",
        "id": "c2e557eb-0f83-54ca-ad26-11ea38d6a5c9",
        "name": "Redevelopment of Coniston station",
        "province": "ON",
        "scores": {
          "buildability": 20,
          "investability": 63.3,
          "strategicity": 37.5,
          "supplierability": 47.9,
          "trade_resilience": 68.6
        },
        "sector": "Clean Energy \u0026 Grid",
        "slug": "redevelopment-of-coniston-station"
      }
    },
    {
      "type": "Feature",
      "geometry": {
        "coordinates": [
          -113.52506107992372,
          50.84036279377887
        ],
        "type": "Point"
      },
      "properties": {
        "capex_cad": 225000000,
        "current_stage": "ANNOUNCED",
        "id": "c2fecd7f-8995-50c0-ac5c-02a062b88d5f",
        "name": "Nova Solar Project",
        "province": "AB",
        "scores": {
          "buildability": 20,
          "investability": 63.3,
          "strategicity": 37.5,
          "supplierability": 47.9,
          "trade_resilience": 68.6
        },
        "sector": "Clean Energy \u0026 Grid",
        "slug": "nova-solar-project"
      }
    },
    {
      "type": "Feature",
      "geometry": {
        "coordinates": [
          -112.23601373213037,
          50.60377491848504
        ],
        "type": "Point"
      },
      "properties": {
        "capex_cad": 700000000,
        "current_stage": "ANNOUNCED",
        "id": "c3316fd6-6ea6-53b4-ab2e-3005c3ea31e2",
        "name": "Luna Solar+ Project",
        "province": "AB",
        "scores": {
          "buildability": 20,
          "investability": 68.3,
          "strategicity": 37.5,
          "supplierability": 47.9,
          "trade_resilience": 68.6
        },
        "sector": "Clean Energy \u0026 Grid",
        "slug": "luna-solar-project"
      }
    },
    {
      "type": "Feature",
      "geometry": {
        "coordinates": [
          -55.468195439371286,
          46.90798978840714
        ],
        "type": "Point"
      },
      "properties": {
        "capex_cad": 125000000,
        "current_stage": "ANNOUNCED",
        "id": "c3404ae8-b652-58e6-8f00-601f74c42ff3",
        "name": "St. Lawrence Fluorspar Mine",
        "province": "NL",
        "scores": {
          "buildability": 20,
          "investability": 53.3,
          "strategicity": 20,
          "supplierability": 47.9,
          "trade_resilience": 68.6
        },
        "sector": "Mining \u0026 Metals",
        "slug": "st-lawrence-fluorspar-mine"
      }
    },
    {
      "type": "Feature",
      "geometry": {
        "coordinates": [
          -119.84065113668431,
          53.34686518237983
        ],
        "type": "Point"
      },
      "properties": {
        "capex_cad": 200000000,
        "current_stage": "ANNOUNCED",
        "id": "c3623e81-0eb6-5218-b292-377762dc871a",
        "name": "Robson Valley Hydroelectric Project",
        "province": "BC",
        "scores": {
          "buildability": 20,
          "investability": 63.3,
          "strategicity": 37.5,
          "supplierability": 47.9,
          "trade_resilience": 68.6
        },
        "sector": "Clean Energy \u0026 Grid",
        "slug": "robson-valley-hydroelectric-project"
      }
    },
    {
      "type": "Feature",
      "geometry": {
        "coordinates": [
          -114.57518575876578,
          55.26504493081816
        ],
        "type": "Point"
      },
      "properties": {
        "capex_cad": 35000000,
        "current_stage": "CONSTRUCTION",
        "id": "c3fe210b-2335-5faf-bcb0-e4fab4983349",
        "name": "Slave Lake Bio-Mass/Gas to Liquids Plant",
        "province": "AB",
        "scores": {
          "buildability": 95,
          "investability": 71.7,
          "strategicity": 37.5,
          "supplierability": 66.7,
          "trade_resilience": 68.6
        },
        "sector": "Clean Energy \u0026 Grid",
        "slug": "slave-lake-bio-mass-gas-to-liquids-plant"
      }
    },
    {
      "type": "Feature",
      "geometry": {
        "coordinates": [
          -111.75578167788436,
          55.466299088800085
        ],
        "type": "Point"
      },
      "properties": {
        "capex_cad": 1500000000,
        "current_stage": "ANNOUNCED",
        "id": "c4b4fb2d-7db4-5df5-be29-54f4771a1a21",
        "name": "Grouse",
        "province": "AB",
        "scores": {
          "buildability": 20,
          "investability": 63.3,
          "strategicity": 20,
          "supplierability": 47.9,
          "trade_resilience": 68.6
        },
        "sector": "Energy \u0026 Fuels",
        "slug": "grouse"
      }
    },
    {
      "type": "Feature",
      "geometry": {
        "coordinates": [
          -71.1298496143123,
          48.41233981336846
        ],
        "type": "Point"
      },
      "properties": {
        "capex_cad": 46000000,
        "current_stage": "CONSTRUCTION",
        "id": "c52fd041-7952-5cb5-ac37-2c7deec9a721",
        "name": "Usine de démonstration de fabrication de briquettes de biocarbone",
        "province": "QC",
        "scores": {
          "buildability": 95,
          "investability": 61.7,
          "strategicity": 20,
          "supplierability": 66.7,
          "trade_resilience": 68.6
        },
        "sector": "Forestry \u0026 Bioeconomy",
        "slug": "usine-de-demonstration-de-fabrication-de-briquettes-de-biocarbone"
      }
    },
    {
      "type": "Feature",
      "geometry": {
        "coordinates": [
          -114.73001404727104,
          49.780006587167634
        ],
        "type": "Point"
      },
      "properties": {
        "capex_cad": 3000000000,
        "current_stage": "ANNOUNCED",
        "id": "c64ea34a-8298-5b74-9fe3-39be940a3436",
        "name": "Baptiste Nickel (Decar)",
        "province": "BC",
        "scores": {
          "buildability": 20,
          "investability": 63.3,
          "strategicity": 20,
          "supplierability": 47.9,
          "trade_resilience": 68.6
        },
        "sector": "Mining \u0026 Metals",
        "slug": "baptiste-nickel-decar"
      }
    },
    {
      "type": "Feature",
      "geometry": {
        "coordinates": [
          -119.60377693245539,
          55.559547296971765
        ],
        "type": "Point"
      },
      "properties": {
        "capex_cad": 127000000,
        "current_stage": "CONSTRUCTION",
        "id": "c77bc5a6-a7a5-54d8-9f8c-4452120dc146",
        "name": "Glacier Gas Plant CCS",
        "province": "AB",
        "scores": {
          "buildability": 95,
          "investability": 75,
          "strategicity": 37.5,
          "supplierability": 66.7,
          "trade_resilience": 68.6
        },
        "sector": "Clean Energy \u0026 Grid",
        "slug": "glacier-gas-plant-ccs"
      }
    },
    {
      "type": "Feature",
      "geometry": {
        "coordinates": [
          -83.41444547529727,
          50.31444940837888
        ],
        "type": "Point"
      },
      "properties": {
        "capex_cad": 2326920000,
        "current_stage": "ANNOUNCED",
        "id": "c80dae32-7d64-5389-b441-6d7ba372a952",
        "name": "Martison",
        "province": "ON",
        "scores": {
          "buildability": 20,
          "investability": 63.3,
          "strategicity": 20,
          "supplierability": 47.9,
          "trade_resilience": 68.6
        },
        "sector": "Mining \u0026 Metals",
        "slug": "martison"
      }
    },
    {
      "type": "Feature",
      "geometry": {
        "coordinates": [
          -135.27313707668182,
          60.77924202999076
        ],
        "type": "Point"
      },
      "properties": {
        "capex_cad": 35000000,
        "current_stage": "CONSTRUCTION",
        "id": "c8a8aec3-89db-5989-baba-093d743887a5",
        "name": "Grid-Scale Battery Storage",
        "province": "YT",
        "scores": {
          "buildability": 95,
          "investability": 71.7,
          "strategicity": 56.3,
          "supplierability": 66.7,
          "trade_resilience": 68.6
        },
        "sector": "Clean Energy \u0026 Grid",
        "slug": "grid-scale-battery-storage"
      }
    },
    {
      "type": "Feature",
      "geometry": {
        "coordinates": [
          -123.40390597474111,
          53.912783744705926
        ],
        "type": "Point"
      },
      "properties": {
        "capex_cad": 400000000,
        "current_stage": "ANNOUNCED",
        "id": "c9b2997b-2628-56be-9ba4-c0328ec6f993",
        "name": "Isle Pierre Wind Farm",
        "province": "BC",
        "scores": {
          "buildability": 20,
          "investability": 68.3,
          "strategicity": 37.5,
          "supplierability": 47.9,
          "trade_resilience": 68.6
        },
        "sector": "Clean Energy \u0026 Grid",
        "slug": "isle-pierre-wind-farm"
      }
    },
    {
      "type": "Feature",
      "geometry": {
        "coordinates": [
          -109.16845726435655,
          51.47436831853739
        ],
        "type": "Point"
      },
      "properties": {
        "capex_cad": 447320000,
        "current_stage": "ANNOUNCED",
        "id": "c9fda22a-1239-5e5a-970a-ed89a70f0499",
        "name": "Kindersley Lithium Project",
        "province": "SK",
        "scores": {
          "buildability": 20,
          "investability": 58.3,
          "strategicity": 20,
          "supplierability": 47.9,
          "trade_resilience": 68.6
        },
        "sector": "Mining \u0026 Metals",
        "slug": "kindersley-lithium-project"
      }
    },
    {
      "type": "Feature",
      "geometry": {
        "coordinates": [
          -127.17871783903719,
          54.613305256940315
        ],
        "type": "Point"
      },
      "properties": {
        "capex_cad": 82000000,
        "current_stage": "ANNOUNCED",
        "id": "ca5d98c2-4211-59c9-8fc4-77761cb940cd",
        "name": "Tenas Coal Project",
        "province": "BC",
        "scores": {
          "buildability": 20,
          "investability": 53.3,
          "strategicity": 20,
          "supplierability": 47.9,
          "trade_resilience": 68.6
        },
        "sector": "Mining \u0026 Metals",
        "slug": "tenas-coal-project"
      }
    },
    {
      "type": "Feature",
      "geometry": {
        "coordinates": [
          -73.87550572317538,
          45.32898811241681
        ],
        "type": "Point"
      },
      "properties": {
        "capex_cad": 1600000000,
        "current_stage": "CONSTRUCTION",
        "id": "ca8620af-e34b-55bd-9340-8be451cc1606",
        "name": "Rénovation de groupes à la centrale électrique Beauharnois",
        "province": "QC",
        "scores": {
          "buildability": 95,
          "investability": 85,
          "strategicity": 37.5,
          "supplierability": 66.7,
          "trade_resilience": 68.6
        },
        "sector": "Clean Energy \u0026 Grid",
        "slug": "renovation-de-groupes-a-la-centrale-electrique-beauharnois"
      }
    },
    {
      "type": "Feature",
      "geometry": {
        "coordinates": [
          -111.0483611526399,
          56.94062750751476
        ],
        "type": "Point"
      },
      "properties": {
        "capex_cad": 6200000000,
        "current_stage": "ANNOUNCED",
        "id": "ccb11158-de58-5128-b94a-aa1815156929",
        "name": "Lewis",
        "province": "AB",
        "scores": {
          "buildability": 20,
          "investability": 63.3,
          "strategicity": 20,
          "supplierability": 47.9,
          "trade_resilience": 68.6
        },
        "sector": "Energy \u0026 Fuels",
        "slug": "lewis"
      }
    },
    {
      "type": "Feature",
      "geometry": {
        "coordinates": [
          -120.40606948624327,
          50.69099402886109
        ],
        "type": "Point"
      },
      "properties": {
        "capex_cad": 32000000,
        "current_stage": "ANNOUNCED",
        "id": "ccbb3e4f-88bd-50f2-a1a5-5131cfd4d465",
        "name": "Kruger Kamloops Pulp Mill Upgrade",
        "province": "BC",
        "scores": {
          "buildability": 20,
          "investability": 50,
          "strategicity": 20,
          "supplierability": 47.9,
          "trade_resilience": 68.6
        },
        "sector": "Forestry \u0026 Bioeconomy",
        "slug": "kruger-kamloops-pulp-mill-upgrade"
      }
    },
    {
      "type": "Feature",
      "geometry": {
        "coordinates": [
          -120.77460828520952,
          50.106273921173255
        ],
        "type": "Point"
      },
      "properties": {
        "capex_cad": 100000000,
        "current_stage": "ANNOUNCED",
        "id": "cd32fdeb-94d8-5ebb-9774-d76a5d2e0632",
        "name": "Siwash/Elk Gold Mine",
        "province": "BC",
        "scores": {
          "buildability": 20,
          "investability": 53.3,
          "strategicity": 20,
          "supplierability": 47.9,
          "trade_resilience": 68.6
        },
        "sector": "Mining \u0026 Metals",
        "slug": "siwash-elk-gold-mine"
      }
    },
    {
      "type": "Feature",
      "geometry": {
        "coordinates": [
          -125.30183675686074,
          52.46187545796873
        ],
        "type": "Point"
      },
      "properties": {
        "capex_cad": 30000000,
        "current_stage": "CONSTRUCTION",
        "id": "cdd68b4f-6d7f-5c18-befb-b29eb1639f0c",
        "name": "Anahim Lake Solar Project",
        "province": "BC",
        "scores": {
          "buildability": 95,
          "investability": 71.7,
          "strategicity": 37.5,
          "supplierability": 66.7,
          "trade_resilience": 68.6
        },
        "sector": "Clean Energy \u0026 Grid",
        "slug": "anahim-lake-solar-project"
      }
    },
    {
      "type": "Feature",
      "geometry": {
        "coordinates": [
          -128.72793278374058,
          53.9254160368947
        ],
        "type": "Point"
      },
      "properties": {
        "capex_cad": 4000000000,
        "current_stage": "ANNOUNCED",
        "id": "cec7fbd5-a5a6-5d78-9e2c-b5afbc41605f",
        "name": "Cedar LNG",
        "province": "BC",
        "scores": {
          "buildability": 20,
          "investability": 63.3,
          "strategicity": 20,
          "supplierability": 47.9,
          "trade_resilience": 68.6
        },
        "sector": "Energy \u0026 Fuels",
        "slug": "cedar-lng"
      }
    },
    {
      "type": "Feature",
      "geometry": {
        "coordinates": [
          -130.16602326476865,
          63.28300480314283
        ],
        "type": "Point"
      },
      "properties": {
        "capex_cad": 402000000,
        "current_stage": "ANNOUNCED",
        "id": "cf618917-7016-5c63-8236-42bbe6cb27a7",
        "name": "MacTung (tungsten)",
        "province": "YT",
        "scores": {
          "buildability": 20,
          "investability": 58.3,
          "strategicity": 38.8,
          "supplierability": 47.9,
          "trade_resilience": 68.6
        },
        "sector": "Mining \u0026 Metals",
        "slug": "mactung-tungsten"
      }
    },
    {
      "type": "Feature",
      "geometry": {
        "coordinates": [
          -71.97861810340387,
          45.564354223913256
        ],
        "type": "Point"
      },
      "properties": {
        "capex_cad": 56400000,
        "current_stage": "CONSTRUCTION",
        "id": "d0838a97-4152-5462-8798-acb18307cfe2",
        "name": "Amélioration de la compétitivité de l'usine",
        "province": "QC",
        "scores": {
          "buildability": 95,
          "investability": 65,
          "strategicity": 20,
          "supplierability": 66.7,
          "trade_resilience": 68.6
        },
        "sector": "Forestry \u0026 Bioeconomy",
        "slug": "amelioration-de-la-competitivite-de-l-usine"
      }
    },
    {
      "type": "Feature",
      "geometry": {
        "coordinates": [
          -93.37697615311228,
          52.60084395786029
        ],
        "type": "Point"
      },
      "properties": {
        "capex_cad": 943000000,
        "current_stage": "ANNOUNCED",
        "id": "d0cff623-f3d1-5e95-a55e-b84a102227fd",
        "name": "Pakeagama Lake",
        "province": "ON",
        "scores": {
          "buildability": 20,
          "investability": 58.3,
          "strategicity": 20,
          "supplierability": 47.9,
          "trade_resilience": 68.6
        },
        "sector": "Mining \u0026 Metals",
        "slug": "pakeagama-lake"
      }
    },
    {
      "type": "Feature",
      "geometry": {
        "coordinates": [
          -110.18559463279554,
          64.56529985302292
        ],
        "type": "Point"
      },
      "properties": {
        "capex_cad": 126720000,
        "current_stage": "ANNOUNCED",
        "id": "d1475d41-a57f-502c-98e4-e6ca7fe2397a",
        "name": "Ekati (Misery Deep)",
        "province": "NT",
        "scores": {
          "buildability": 20,
          "investability": 53.3,
          "strategicity": 38.8,
          "supplierability": 47.9,
          "trade_resilience": 68.6
        },
        "sector": "Mining \u0026 Metals",
        "slug": "ekati-misery-deep"
      }
    },
    {
      "type": "Feature",
      "geometry": {
        "coordinates": [
          -88.03968785082911,
          49.44541998647918
        ],
        "type": "Point"
      },
      "properties": {
        "capex_cad": 249900000,
        "current_stage": "ANNOUNCED",
        "id": "d2277504-deb2-58e5-a496-6f08ac259356",
        "name": "Georgia Lake",
        "province": "ON",
        "scores": {
          "buildability": 20,
          "investability": 53.3,
          "strategicity": 20,
          "supplierability": 47.9,
          "trade_resilience": 68.6
        },
        "sector": "Mining \u0026 Metals",
        "slug": "georgia-lake"
      }
    },
    {
      "type": "Feature",
      "geometry": {
        "coordinates": [
          -111.16349881604737,
          57.41143546491772
        ],
        "type": "Point"
      },
      "properties": {
        "capex_cad": 750000000,
        "current_stage": "CONSTRUCTION",
        "id": "d2815778-3d5a-56fc-a519-1447e2e6f79e",
        "name": "Kearl Oil Sand In-Pit Tailings Project",
        "province": "AB",
        "scores": {
          "buildability": 95,
          "investability": 70,
          "strategicity": 20,
          "supplierability": 66.7,
          "trade_resilience": 68.6
        },
        "sector": "Energy \u0026 Fuels",
        "slug": "kearl-oil-sand-in-pit-tailings-project"
      }
    },
    {
      "type": "Feature",
      "geometry": {
        "coordinates": [
          -61.14966738415389,
          45.34797546397969
        ],
        "type": "Point"
      },
      "properties": {
        "capex_cad": 131570000,
        "current_stage": "ANNOUNCED",
        "id": "d3313b57-a464-52c6-b0e9-aa7ced3e665a",
        "name": "Black Point Aggregate Project",
        "province": "NS",
        "scores": {
          "buildability": 20,
          "investability": 53.3,
          "strategicity": 20,
          "supplierability": 47.9,
          "trade_resilience": 68.6
        },
        "sector": "Mining \u0026 Metals",
        "slug": "black-point-aggregate-project"
      }
    },
    {
      "type": "Feature",
      "geometry": {
        "coordinates": [
          -125.31755776109446,
          52.46535345624128
        ],
        "type": "Point"
      },
      "properties": {
        "capex_cad": 15000000,
        "current_stage": "ANNOUNCED",
        "id": "d34e43a8-0206-5cfb-b473-aa42fc64a307",
        "name": "Biomass Project - Anahim Lake",
        "province": "BC",
        "scores": {
          "buildability": 20,
          "investability": 60,
          "strategicity": 37.5,
          "supplierability": 47.9,
          "trade_resilience": 68.6
        },
        "sector": "Clean Energy \u0026 Grid",
        "slug": "biomass-project-anahim-lake"
      }
    },
    {
      "type": "Feature",
      "geometry": {
        "coordinates": [
          -113.97490751757867,
          52.01528981949161
        ],
        "type": "Point"
      },
      "properties": {
        "capex_cad": 200000000,
        "current_stage": "ANNOUNCED",
        "id": "d3653066-17bb-5615-857f-ee484f0a326b",
        "name": "Innisfail Waste to Energy Project",
        "province": "AB",
        "scores": {
          "buildability": 20,
          "investability": 63.3,
          "strategicity": 37.5,
          "supplierability": 47.9,
          "trade_resilience": 68.6
        },
        "sector": "Clean Energy \u0026 Grid",
        "slug": "innisfail-waste-to-energy-project"
      }
    },
    {
      "type": "Feature",
      "geometry": {
        "coordinates": [
          -78.9965377176576,
          48.234567357337895
        ],
        "type": "Point"
      },
      "properties": {
        "capex_cad": 1080000000,
        "current_stage": "ANNOUNCED",
        "id": "d3d90c21-0830-57e3-807d-9cb3e4b0f0ae",
        "name": "Horne 5",
        "province": "QC",
        "scores": {
          "buildability": 20,
          "investability": 63.3,
          "strategicity": 20,
          "supplierability": 47.9,
          "trade_resilience": 68.6
        },
        "sector": "Mining \u0026 Metals",
        "slug": "horne-5"
      }
    },
    {
      "type": "Feature",
      "geometry": {
        "coordinates": [
          -103.97656137713915,
          49.04463762214189
        ],
        "type": "Point"
      },
      "properties": {
        "capex_cad": 454000000,
        "current_stage": "CONSTRUCTION",
        "id": "d4644ba5-253d-5648-bdaf-62792e268cf1",
        "name": "Prairie Lithium Project",
        "province": "SK",
        "scores": {
          "buildability": 95,
          "investability": 70,
          "strategicity": 20,
          "supplierability": 66.7,
          "trade_resilience": 68.6
        },
        "sector": "Mining \u0026 Metals",
        "slug": "prairie-lithium-project"
      }
    },
    {
      "type": "Feature",
      "geometry": {
        "coordinates": [
          -130.61002197067023,
          61.45805475892291
        ],
        "type": "Point"
      },
      "properties": {
        "capex_cad": 647000000,
        "current_stage": "ANNOUNCED",
        "id": "d56dc44f-e348-5487-89c2-6ebd610208a2",
        "name": "Kudz Ze Kayah",
        "province": "YT",
        "scores": {
          "buildability": 20,
          "investability": 58.3,
          "strategicity": 38.8,
          "supplierability": 47.9,
          "trade_resilience": 68.6
        },
        "sector": "Mining \u0026 Metals",
        "slug": "kudz-ze-kayah"
      }
    },
    {
      "type": "Feature",
      "geometry": {
        "coordinates": [
          -128.76231097893887,
          56.70066505667226
        ],
        "type": "Point"
      },
      "properties": {
        "capex_cad": 600000000,
        "current_stage": "ANNOUNCED",
        "id": "d595fc98-1f68-58b0-a9b6-3a27568ae00d",
        "name": "Groundhog Project Anthracite Coal Mine",
        "province": "BC",
        "scores": {
          "buildability": 20,
          "investability": 58.3,
          "strategicity": 20,
          "supplierability": 47.9,
          "trade_resilience": 68.6
        },
        "sector": "Mining \u0026 Metals",
        "slug": "groundhog-project-anthracite-coal-mine"
      }
    },
    {
      "type": "Feature",
      "geometry": {
        "coordinates": [
          -76.7107076610028,
          45.303539991518605
        ],
        "type": "Point"
      },
      "properties": {
        "capex_cad": 137000000,
        "current_stage": "CONSTRUCTION",
        "id": "d5ccbcc3-28ae-5086-8a82-6845d5fd117f",
        "name": "Redevelopment of the Calabogie site",
        "province": "ON",
        "scores": {
          "buildability": 95,
          "investability": 75,
          "strategicity": 37.5,
          "supplierability": 66.7,
          "trade_resilience": 68.6
        },
        "sector": "Clean Energy \u0026 Grid",
        "slug": "redevelopment-of-the-calabogie-site"
      }
    },
    {
      "type": "Feature",
      "geometry": {
        "coordinates": [
          -124.81107569248316,
          49.23001940949698
        ],
        "type": "Point"
      },
      "properties": {
        "capex_cad": 1600000000,
        "current_stage": "ANNOUNCED",
        "id": "d5e7f721-9190-5166-824b-cbdab3b8850a",
        "name": "Port Alberni LNG Export Facility",
        "province": "BC",
        "scores": {
          "buildability": 20,
          "investability": 63.3,
          "strategicity": 20,
          "supplierability": 47.9,
          "trade_resilience": 68.6
        },
        "sector": "Energy \u0026 Fuels",
        "slug": "port-alberni-lng-export-facility"
      }
    },
    {
      "type": "Feature",
      "geometry": {
        "coordinates": [
          -110.47290292641775,
          52.68557526410013
        ],
        "type": "Point"
      },
      "properties": {
        "capex_cad": 275000000,
        "current_stage": "ANNOUNCED",
        "id": "d860e6cb-48aa-5843-b762-729b9a1c095d",
        "name": "Dolcy Solar Project",
        "province": "AB",
        "scores": {
          "buildability": 20,
          "investability": 68.3,
          "strategicity": 37.5,
          "supplierability": 47.9,
          "trade_resilience": 68.6
        },
        "sector": "Clean Energy \u0026 Grid",
        "slug": "dolcy-solar-project"
      }
    },
    {
      "type": "Feature",
      "geometry": {
        "coordinates": [
          -120.76406333996326,
          55.99995315826963
        ],
        "type": "Point"
      },
      "properties": {
        "capex_cad": 600000000,
        "current_stage": "ANNOUNCED",
        "id": "d92725a4-f6d1-5e8d-ac19-f78c6892fbac",
        "name": "Taylor Wind Project",
        "province": "BC",
        "scores": {
          "buildability": 20,
          "investability": 68.3,
          "strategicity": 37.5,
          "supplierability": 47.9,
          "trade_resilience": 68.6
        },
        "sector": "Clean Energy \u0026 Grid",
        "slug": "taylor-wind-project"
      }
    },
    {
      "type": "Feature",
      "geometry": {
        "coordinates": [
          -73.60407836987785,
          45.597554774103884
        ],
        "type": "Point"
      },
      "properties": {
        "capex_cad": 200000000,
        "current_stage": "ANNOUNCED",
        "id": "d93d6c9e-6d6a-51bb-813e-e51acfb5e774",
        "name": "SAF Consortium",
        "province": "QC",
        "scores": {
          "buildability": 20,
          "investability": 63.3,
          "strategicity": 37.5,
          "supplierability": 47.9,
          "trade_resilience": 68.6
        },
        "sector": "Clean Energy \u0026 Grid",
        "slug": "saf-consortium"
      }
    },
    {
      "type": "Feature",
      "geometry": {
        "coordinates": [
          -113.82518687368807,
          53.24715291243408
        ],
        "type": "Point"
      },
      "properties": {
        "capex_cad": 43000000,
        "current_stage": "ANNOUNCED",
        "id": "d9775748-6c5b-5832-8e74-7d05a43430f2",
        "name": "Creekside Solar Project (Fortis Buford 538S DER Solar)",
        "province": "AB",
        "scores": {
          "buildability": 20,
          "investability": 60,
          "strategicity": 37.5,
          "supplierability": 47.9,
          "trade_resilience": 68.6
        },
        "sector": "Clean Energy \u0026 Grid",
        "slug": "creekside-solar-project-fortis-buford-538s-der-solar"
      }
    },
    {
      "type": "Feature",
      "geometry": {
        "coordinates": [
          -79.98755408150805,
          48.49397634441436
        ],
        "type": "Point"
      },
      "properties": {
        "capex_cad": 1627000000,
        "current_stage": "ANNOUNCED",
        "id": "da523a49-e488-52ba-a452-f7c7a2a07042",
        "name": "Tower Gold (formerly Garrison/Golden Highway)",
        "province": "ON",
        "scores": {
          "buildability": 20,
          "investability": 63.3,
          "strategicity": 20,
          "supplierability": 47.9,
          "trade_resilience": 68.6
        },
        "sector": "Mining \u0026 Metals",
        "slug": "tower-gold-formerly-garrison-golden-highway"
      }
    },
    {
      "type": "Feature",
      "geometry": {
        "coordinates": [
          -73.44098453886596,
          45.68201108867333
        ],
        "type": "Point"
      },
      "properties": {
        "capex_cad": 120000000,
        "current_stage": "ANNOUNCED",
        "id": "dbecb1be-142d-5abd-9d10-43e8b035cac2",
        "name": "Agrandissement usine d'éthanol à Varennes",
        "province": "QC",
        "scores": {
          "buildability": 20,
          "investability": 63.3,
          "strategicity": 37.5,
          "supplierability": 47.9,
          "trade_resilience": 68.6
        },
        "sector": "Clean Energy \u0026 Grid",
        "slug": "agrandissement-usine-d-ethanol-a-varennes"
      }
    },
    {
      "type": "Feature",
      "geometry": {
        "coordinates": [
          -75.24989220528525,
          45.600349104295915
        ],
        "type": "Point"
      },
      "properties": {
        "capex_cad": 30100000,
        "current_stage": "CONSTRUCTION",
        "id": "dcb08744-11a0-53a2-9b26-d02dba66a1fb",
        "name": "Modernisation et achats de nouveaux équipements",
        "province": "QC",
        "scores": {
          "buildability": 95,
          "investability": 61.7,
          "strategicity": 20,
          "supplierability": 66.7,
          "trade_resilience": 68.6
        },
        "sector": "Forestry \u0026 Bioeconomy",
        "slug": "modernisation-et-achats-de-nouveaux-equipements"
      }
    },
    {
      "type": "Feature",
      "geometry": {
        "coordinates": [
          -121.3880471551603,
          52.57970895690986
        ],
        "type": "Point"
      },
      "properties": {
        "capex_cad": 1250000000,
        "current_stage": "ANNOUNCED",
        "id": "dd31faa3-cc5b-58ea-b4e2-a136a338b643",
        "name": "Spanish Mountain Copper-Gold Mines",
        "province": "BC",
        "scores": {
          "buildability": 20,
          "investability": 63.3,
          "strategicity": 20,
          "supplierability": 47.9,
          "trade_resilience": 68.6
        },
        "sector": "Mining \u0026 Metals",
        "slug": "spanish-mountain-copper-gold-mines"
      }
    },
    {
      "type": "Feature",
      "geometry": {
        "coordinates": [
          -130.05245887185313,
          56.09639486958686
        ],
        "type": "Point"
      },
      "properties": {
        "capex_cad": 224000000,
        "current_stage": "ANNOUNCED",
        "id": "dd776523-8e35-5237-b0a8-51fbada09b89",
        "name": "Premier Gold Project",
        "province": "BC",
        "scores": {
          "buildability": 20,
          "investability": 53.3,
          "strategicity": 20,
          "supplierability": 47.9,
          "trade_resilience": 68.6
        },
        "sector": "Mining \u0026 Metals",
        "slug": "premier-gold-project"
      }
    },
    {
      "type": "Feature",
      "geometry": {
        "coordinates": [
          -81.36921431961548,
          46.63706898414721
        ],
        "type": "Point"
      },
      "properties": {
        "capex_cad": 1300000000,
        "current_stage": "CONSTRUCTION",
        "id": "ded62853-3f02-5831-beb1-ab7c53ddb81c",
        "name": "Onaping Depth",
        "province": "ON",
        "scores": {
          "buildability": 95,
          "investability": 75,
          "strategicity": 20,
          "supplierability": 66.7,
          "trade_resilience": 68.6
        },
        "sector": "Mining \u0026 Metals",
        "slug": "onaping-depth"
      }
    },
    {
      "type": "Feature",
      "geometry": {
        "coordinates": [
          -75.75485233820912,
          45.21372901650265
        ],
        "type": "Point"
      },
      "properties": {
        "capex_cad": 350000000,
        "current_stage": "ANNOUNCED",
        "id": "e0c5d893-5f93-5f60-a187-84caf7d69318",
        "name": "Trail Road BESS",
        "province": "ON",
        "scores": {
          "buildability": 20,
          "investability": 68.3,
          "strategicity": 37.5,
          "supplierability": 47.9,
          "trade_resilience": 68.6
        },
        "sector": "Clean Energy \u0026 Grid",
        "slug": "trail-road-bess"
      }
    },
    {
      "type": "Feature",
      "geometry": {
        "coordinates": [
          -58.52899654437788,
          48.40201001327269
        ],
        "type": "Point"
      },
      "properties": {
        "capex_cad": 480000000,
        "current_stage": "ANNOUNCED",
        "id": "e0f3dbe0-90b6-5ead-9582-e547d3bbc6cb",
        "name": "Great Atlantic Salt Project",
        "province": "NL",
        "scores": {
          "buildability": 20,
          "investability": 58.3,
          "strategicity": 20,
          "supplierability": 47.9,
          "trade_resilience": 68.6
        },
        "sector": "Mining \u0026 Metals",
        "slug": "great-atlantic-salt-project"
      }
    },
    {
      "type": "Feature",
      "geometry": {
        "coordinates": [
          -128.5403179643181,
          54.44564506940774
        ],
        "type": "Point"
      },
      "properties": {
        "capex_cad": 120000000,
        "current_stage": "ANNOUNCED",
        "id": "e188b0a8-c8bb-5c9a-8eeb-2045d2c0b39e",
        "name": "Lakelse Geothermal Power Plant",
        "province": "BC",
        "scores": {
          "buildability": 20,
          "investability": 63.3,
          "strategicity": 37.5,
          "supplierability": 47.9,
          "trade_resilience": 68.6
        },
        "sector": "Clean Energy \u0026 Grid",
        "slug": "lakelse-geothermal-power-plant"
      }
    },
    {
      "type": "Feature",
      "geometry": {
        "coordinates": [
          -140.89192369089943,
          62.38390306188757
        ],
        "type": "Point"
      },
      "properties": {
        "capex_cad": 19000000,
        "current_stage": "CONSTRUCTION",
        "id": "e1c6b853-70b8-5bad-963f-dcbb9eff5f07",
        "name": "Saa Sè Solar Beaver Creek",
        "province": "YT",
        "scores": {
          "buildability": 95,
          "investability": 71.7,
          "strategicity": 56.3,
          "supplierability": 66.7,
          "trade_resilience": 68.6
        },
        "sector": "Clean Energy \u0026 Grid",
        "slug": "saa-se-solar-beaver-creek"
      }
    },
    {
      "type": "Feature",
      "geometry": {
        "coordinates": [
          -96.30420971968334,
          51.150208545464494
        ],
        "type": "Point"
      },
      "properties": {
        "capex_cad": 133699999,
        "current_stage": "ANNOUNCED",
        "id": "e238c017-9a72-512f-8082-ae3e381b712d",
        "name": "Wanipigow",
        "province": "MB",
        "scores": {
          "buildability": 20,
          "investability": 53.3,
          "strategicity": 20,
          "supplierability": 47.9,
          "trade_resilience": 68.6
        },
        "sector": "Mining \u0026 Metals",
        "slug": "wanipigow"
      }
    },
    {
      "type": "Feature",
      "geometry": {
        "coordinates": [
          -71.17565104678745,
          48.4321497291156
        ],
        "type": "Point"
      },
      "properties": {
        "capex_cad": 375000000,
        "current_stage": "ANNOUNCED",
        "id": "e35f3d8e-6701-5c09-a0aa-a88a6a5a58ce",
        "name": "The Elysis joint venture",
        "province": "QC",
        "scores": {
          "buildability": 20,
          "investability": 58.3,
          "strategicity": 20,
          "supplierability": 47.9,
          "trade_resilience": 68.6
        },
        "sector": "Mining \u0026 Metals",
        "slug": "the-elysis-joint-venture"
      }
    },
    {
      "type": "Feature",
      "geometry": {
        "coordinates": [
          -72.77300169955804,
          49.46500982741502
        ],
        "type": "Point"
      },
      "properties": {
        "capex_cad": 330000000,
        "current_stage": "ANNOUNCED",
        "id": "e39304e3-742b-5568-955d-d152754e1f7b",
        "name": "Crevier",
        "province": "QC",
        "scores": {
          "buildability": 20,
          "investability": 58.3,
          "strategicity": 20,
          "supplierability": 47.9,
          "trade_resilience": 68.6
        },
        "sector": "Mining \u0026 Metals",
        "slug": "crevier"
      }
    },
    {
      "type": "Feature",
      "geometry": {
        "coordinates": [
          -75.25678020639363,
          45.598724103732835
        ],
        "type": "Point"
      },
      "properties": {
        "capex_cad": 96000000,
        "current_stage": "CONSTRUCTION",
        "id": "e44c89a6-691e-50f9-8607-5763fa3962d1",
        "name": "Conversion de l'usine pour production de biocharbon",
        "province": "QC",
        "scores": {
          "buildability": 95,
          "investability": 65,
          "strategicity": 20,
          "supplierability": 66.7,
          "trade_resilience": 68.6
        },
        "sector": "Forestry \u0026 Bioeconomy",
        "slug": "conversion-de-l-usine-pour-production-de-biocharbon"
      }
    },
    {
      "type": "Feature",
      "geometry": {
        "coordinates": [
          -117.56900772060479,
          53.41460346784832
        ],
        "type": "Point"
      },
      "properties": {
        "capex_cad": 584000000,
        "current_stage": "ANNOUNCED",
        "id": "e70785d9-2073-50f8-bbf8-8fc57d2d0915",
        "name": "Hinton Pulp Mill Expansion",
        "province": "AB",
        "scores": {
          "buildability": 20,
          "investability": 58.3,
          "strategicity": 20,
          "supplierability": 47.9,
          "trade_resilience": 68.6
        },
        "sector": "Forestry \u0026 Bioeconomy",
        "slug": "hinton-pulp-mill-expansion"
      }
    },
    {
      "type": "Feature",
      "geometry": {
        "coordinates": [
          -100.43561259130239,
          56.90890867947579
        ],
        "type": "Point"
      },
      "properties": {
        "capex_cad": 842400000,
        "current_stage": "CONSTRUCTION",
        "id": "e79ff054-1024-583c-bb29-03c553db9aa4",
        "name": "Lynn Lake (Gordon site + MacLellan Site)",
        "province": "MB",
        "scores": {
          "buildability": 95,
          "investability": 70,
          "strategicity": 20,
          "supplierability": 66.7,
          "trade_resilience": 68.6
        },
        "sector": "Mining \u0026 Metals",
        "slug": "lynn-lake-gordon-site-maclellan-site"
      }
    },
    {
      "type": "Feature",
      "geometry": {
        "coordinates": [
          -124.79402109391468,
          61.56000566411855
        ],
        "type": "Point"
      },
      "properties": {
        "capex_cad": 474000000,
        "current_stage": "ANNOUNCED",
        "id": "e7de4d81-00ea-5c52-b57c-94578c0cfc1e",
        "name": "Prairie Creek",
        "province": "NT",
        "scores": {
          "buildability": 20,
          "investability": 58.3,
          "strategicity": 38.8,
          "supplierability": 47.9,
          "trade_resilience": 68.6
        },
        "sector": "Mining \u0026 Metals",
        "slug": "prairie-creek"
      }
    },
    {
      "type": "Feature",
      "geometry": {
        "coordinates": [
          -69.06496351158638,
          51.125353209077495
        ],
        "type": "Point"
      },
      "properties": {
        "capex_cad": 1417000000,
        "current_stage": "ANNOUNCED",
        "id": "e87204ea-7d42-5cbd-82ba-b8db1c3bb008",
        "name": "Uatnan",
        "province": "QC",
        "scores": {
          "buildability": 20,
          "investability": 63.3,
          "strategicity": 20,
          "supplierability": 47.9,
          "trade_resilience": 68.6
        },
        "sector": "Mining \u0026 Metals",
        "slug": "uatnan"
      }
    },
    {
      "type": "Feature",
      "geometry": {
        "coordinates": [
          -66.11216915437018,
          46.55592957233736
        ],
        "type": "Point"
      },
      "properties": {
        "capex_cad": 35000000,
        "current_stage": "CONSTRUCTION",
        "id": "e8f95f0c-b898-5fda-b3f3-6c08d795fc6a",
        "name": "Mill modernization and upgrade",
        "province": "NB",
        "scores": {
          "buildability": 95,
          "investability": 61.7,
          "strategicity": 20,
          "supplierability": 66.7,
          "trade_resilience": 68.6
        },
        "sector": "Forestry \u0026 Bioeconomy",
        "slug": "mill-modernization-and-upgrade"
      }
    },
    {
      "type": "Feature",
      "geometry": {
        "coordinates": [
          -122.2027623146087,
          56.01667596272236
        ],
        "type": "Point"
      },
      "properties": {
        "capex_cad": 75000000,
        "current_stage": "CONSTRUCTION",
        "id": "e909b12c-38b9-5508-9c57-473f0873ed84",
        "name": "G.M. Shrum Units 1 to 10 Control Systems Upgrade Project",
        "province": "BC",
        "scores": {
          "buildability": 95,
          "investability": 65,
          "strategicity": 20,
          "supplierability": 66.7,
          "trade_resilience": 68.6
        },
        "sector": "Energy \u0026 Fuels",
        "slug": "g-m-shrum-units-1-to-10-control-systems-upgrade-project"
      }
    },
    {
      "type": "Feature",
      "geometry": {
        "coordinates": [
          -111.36769668637707,
          57.224504531129696
        ],
        "type": "Point"
      },
      "properties": {
        "capex_cad": 12000000000,
        "current_stage": "ANNOUNCED",
        "id": "e95a9386-5708-56e1-a83d-6821c71b3df3",
        "name": "AOSP Jackpine",
        "province": "AB",
        "scores": {
          "buildability": 20,
          "investability": 63.3,
          "strategicity": 20,
          "supplierability": 47.9,
          "trade_resilience": 68.6
        },
        "sector": "Energy \u0026 Fuels",
        "slug": "aosp-jackpine"
      }
    },
    {
      "type": "Feature",
      "geometry": {
        "coordinates": [
          -81.1204964620404,
          48.52226228649562
        ],
        "type": "Point"
      },
      "properties": {
        "capex_cad": 314200000,
        "current_stage": "ANNOUNCED",
        "id": "e95ab221-be69-524b-aa96-9c94e2427bae",
        "name": "Porcupine Complex (Pamour)",
        "province": "ON",
        "scores": {
          "buildability": 20,
          "investability": 58.3,
          "strategicity": 20,
          "supplierability": 47.9,
          "trade_resilience": 68.6
        },
        "sector": "Mining \u0026 Metals",
        "slug": "porcupine-complex-pamour"
      }
    },
    {
      "type": "Feature",
      "geometry": {
        "coordinates": [
          -79.67939073370556,
          43.74641338974536
        ],
        "type": "Point"
      },
      "properties": {
        "capex_cad": 161000000,
        "current_stage": "ANNOUNCED",
        "id": "e9a2013d-705e-5733-91bc-c9cb0a401116",
        "name": "Goreway BESS",
        "province": "ON",
        "scores": {
          "buildability": 20,
          "investability": 63.3,
          "strategicity": 37.5,
          "supplierability": 47.9,
          "trade_resilience": 68.6
        },
        "sector": "Clean Energy \u0026 Grid",
        "slug": "goreway-bess"
      }
    },
    {
      "type": "Feature",
      "geometry": {
        "coordinates": [
          -80.12000355542577,
          42.930008422745985
        ],
        "type": "Point"
      },
      "properties": {
        "capex_cad": 538000000,
        "current_stage": "ANNOUNCED",
        "id": "e9d522df-fcea-50c1-bc92-bab4060f6046",
        "name": "Hagersville Battery Energy Storage Park",
        "province": "ON",
        "scores": {
          "buildability": 20,
          "investability": 68.3,
          "strategicity": 37.5,
          "supplierability": 47.9,
          "trade_resilience": 68.6
        },
        "sector": "Clean Energy \u0026 Grid",
        "slug": "hagersville-battery-energy-storage-park"
      }
    },
    {
      "type": "Feature",
      "geometry": {
        "coordinates": [
          -104.80154066405008,
          53.259057929234096
        ],
        "type": "Point"
      },
      "properties": {
        "capex_cad": 1408770000,
        "current_stage": "ANNOUNCED",
        "id": "e9d68d38-3c61-5cdd-bfd4-c2ea25ba4f99",
        "name": "Star-Orion Diamond Project",
        "province": "SK",
        "scores": {
          "buildability": 20,
          "investability": 63.3,
          "strategicity": 20,
          "supplierability": 47.9,
          "trade_resilience": 68.6
        },
        "sector": "Mining \u0026 Metals",
        "slug": "star-orion-diamond-project"
      }
    },
    {
      "type": "Feature",
      "geometry": {
        "coordinates": [
          -133.64456514110927,
          59.582978309458504
        ],
        "type": "Point"
      },
      "properties": {
        "capex_cad": 315000000,
        "current_stage": "ANNOUNCED",
        "id": "ea258753-f54b-5e4e-ab23-d408cea7f3ab",
        "name": "Atlin Hydro Expansion project",
        "province": "BC",
        "scores": {
          "buildability": 20,
          "investability": 68.3,
          "strategicity": 37.5,
          "supplierability": 47.9,
          "trade_resilience": 68.6
        },
        "sector": "Clean Energy \u0026 Grid",
        "slug": "atlin-hydro-expansion-project"
      }
    },
    {
      "type": "Feature",
      "geometry": {
        "coordinates": [
          -123.02352039431199,
          49.141803214496605
        ],
        "type": "Point"
      },
      "properties": {
        "capex_cad": 175000000,
        "current_stage": "ANNOUNCED",
        "id": "eac95733-c0d1-5270-bc14-f76939da6552",
        "name": "Tilbury Marine Jetty",
        "province": "BC",
        "scores": {
          "buildability": 20,
          "investability": 53.3,
          "strategicity": 20,
          "supplierability": 47.9,
          "trade_resilience": 68.6
        },
        "sector": "Energy \u0026 Fuels",
        "slug": "tilbury-marine-jetty"
      }
    },
    {
      "type": "Feature",
      "geometry": {
        "coordinates": [
          -92.60830532532985,
          49.757772688021305
        ],
        "type": "Point"
      },
      "properties": {
        "capex_cad": 335000000,
        "current_stage": "ANNOUNCED",
        "id": "ebe34f57-da4e-54b5-9a25-e09164488433",
        "name": "Goliath Complex",
        "province": "ON",
        "scores": {
          "buildability": 20,
          "investability": 58.3,
          "strategicity": 20,
          "supplierability": 47.9,
          "trade_resilience": 68.6
        },
        "sector": "Mining \u0026 Metals",
        "slug": "goliath-complex"
      }
    },
    {
      "type": "Feature",
      "geometry": {
        "coordinates": [
          -71.16200104331601,
          48.42900972758014
        ],
        "type": "Point"
      },
      "properties": {
        "capex_cad": 1400000000,
        "current_stage": "ANNOUNCED",
        "id": "eed7b389-a493-57c1-8406-6985b0bc04b2",
        "name": "Jonquiere Refinery",
        "province": "QC",
        "scores": {
          "buildability": 20,
          "investability": 63.3,
          "strategicity": 20,
          "supplierability": 47.9,
          "trade_resilience": 68.6
        },
        "sector": "Mining \u0026 Metals",
        "slug": "jonquiere-refinery"
      }
    },
    {
      "type": "Feature",
      "geometry": {
        "coordinates": [
          -60.958165338070145,
          46.0013105820406
        ],
        "type": "Point"
      },
      "properties": {
        "capex_cad": 104000000,
        "current_stage": "ANNOUNCED",
        "id": "efc4cdb3-f702-53a7-b7d8-a9678a28e7d2",
        "name": "Little Narrows Gypsum",
        "province": "NS",
        "scores": {
          "buildability": 20,
          "investability": 53.3,
          "strategicity": 20,
          "supplierability": 47.9,
          "trade_resilience": 68.6
        },
        "sector": "Mining \u0026 Metals",
        "slug": "little-narrows-gypsum"
      }
    },
    {
      "type": "Feature",
      "geometry": {
        "coordinates": [
          -70.65701069487685,
          46.13619936703415
        ],
        "type": "Point"
      },
      "properties": {
        "capex_cad": 57100000,
        "current_stage": "CONSTRUCTION",
        "id": "efdde755-3dae-5b3a-a79c-545f7cebdcbd",
        "name": "Projets d'investissements 2022-2026",
        "province": "QC",
        "scores": {
          "buildability": 95,
          "investability": 65,
          "strategicity": 20,
          "supplierability": 66.7,
          "trade_resilience": 68.6
        },
        "sector": "Forestry \u0026 Bioeconomy",
        "slug": "projets-d-investissements-2022-2026"
      }
    },
    {
      "type": "Feature",
      "geometry": {
        "coordinates": [
          -130.0726223522332,
          54.9015738613368
        ],
        "type": "Point"
      },
      "properties": {
        "capex_cad": 10000000000,
        "current_stage": "ANNOUNCED",
        "id": "f02c7966-1b82-5312-9d94-e56137161e22",
        "name": "Ksi Lisims LNG",
        "province": "BC",
        "scores": {
          "buildability": 20,
          "investability": 63.3,
          "strategicity": 20,
          "supplierability": 47.9,
          "trade_resilience": 68.6
        },
        "sector": "Energy \u0026 Fuels",
        "slug": "ksi-lisims-lng"
      }
    },
    {
      "type": "Feature",
      "geometry": {
        "coordinates": [
          -75.85500303853362,
          51.68201001410796
        ],
        "type": "Point"
      },
      "properties": {
        "capex_cad": 1268000000,
        "current_stage": "CONSTRUCTION",
        "id": "f03c6bd1-e2e3-5d81-95ea-2dcdcdc1f923",
        "name": "Whabouchi",
        "province": "QC",
        "scores": {
          "buildability": 95,
          "investability": 75,
          "strategicity": 20,
          "supplierability": 66.7,
          "trade_resilience": 68.6
        },
        "sector": "Mining \u0026 Metals",
        "slug": "whabouchi"
      }
    },
    {
      "type": "Feature",
      "geometry": {
        "coordinates": [
          -122.09913698740097,
          54.53141593534503
        ],
        "type": "Point"
      },
      "properties": {
        "capex_cad": 2017000000,
        "current_stage": "ANNOUNCED",
        "id": "f0bffd8c-ad09-54bb-8360-303ea6e16ff3",
        "name": "Wicheeda",
        "province": "BC",
        "scores": {
          "buildability": 20,
          "investability": 63.3,
          "strategicity": 20,
          "supplierability": 47.9,
          "trade_resilience": 68.6
        },
        "sector": "Mining \u0026 Metals",
        "slug": "wicheeda"
      }
    },
    {
      "type": "Feature",
      "geometry": {
        "coordinates": [
          -66.37465246018533,
          50.21057015396229
        ],
        "type": "Point"
      },
      "properties": {
        "capex_cad": 608000000,
        "current_stage": "CONSTRUCTION",
        "id": "f10c50b8-9079-5923-8544-a37338531692",
        "name": "Apuiat Wind Farm",
        "province": "QC",
        "scores": {
          "buildability": 95,
          "investability": 80,
          "strategicity": 37.5,
          "supplierability": 66.7,
          "trade_resilience": 68.6
        },
        "sector": "Clean Energy \u0026 Grid",
        "slug": "apuiat-wind-farm"
      }
    },
    {
      "type": "Feature",
      "geometry": {
        "coordinates": [
          -114.99053218644902,
          53.42250078412357
        ],
        "type": "Point"
      },
      "properties": {
        "capex_cad": 43000000,
        "current_stage": "CONSTRUCTION",
        "id": "f15218c2-3cce-5862-8b26-e28631d2b14b",
        "name": "Moon Lake Solar Project",
        "province": "AB",
        "scores": {
          "buildability": 95,
          "investability": 71.7,
          "strategicity": 37.5,
          "supplierability": 66.7,
          "trade_resilience": 68.6
        },
        "sector": "Clean Energy \u0026 Grid",
        "slug": "moon-lake-solar-project"
      }
    },
    {
      "type": "Feature",
      "geometry": {
        "coordinates": [
          -77.75305028229918,
          48.09300339721942
        ],
        "type": "Point"
      },
      "properties": {
        "capex_cad": 118400000,
        "current_stage": "ANNOUNCED",
        "id": "f2e308dd-888b-5652-9d5e-f4faf3b72ddc",
        "name": "Lamaque - Lower Triangle",
        "province": "QC",
        "scores": {
          "buildability": 20,
          "investability": 53.3,
          "strategicity": 20,
          "supplierability": 47.9,
          "trade_resilience": 68.6
        },
        "sector": "Mining \u0026 Metals",
        "slug": "lamaque-lower-triangle"
      }
    },
    {
      "type": "Feature",
      "geometry": {
        "coordinates": [
          -110.9730248301697,
          55.58264649024491
        ],
        "type": "Point"
      },
      "properties": {
        "capex_cad": 900000000,
        "current_stage": "ANNOUNCED",
        "id": "f38185b5-6de1-5eb3-bad5-e675d87d1673",
        "name": "BlackGold Oil Sands Project",
        "province": "AB",
        "scores": {
          "buildability": 20,
          "investability": 58.3,
          "strategicity": 20,
          "supplierability": 47.9,
          "trade_resilience": 68.6
        },
        "sector": "Energy \u0026 Fuels",
        "slug": "blackgold-oil-sands-project"
      }
    },
    {
      "type": "Feature",
      "geometry": {
        "coordinates": [
          -63.77014007164625,
          46.42192268375068
        ],
        "type": "Point"
      },
      "properties": {
        "capex_cad": 85000000,
        "current_stage": "ANNOUNCED",
        "id": "f5c75191-01c6-5165-b2ef-987dae56ed22",
        "name": "Skinners Pond Wind Energy Centre",
        "province": "PE",
        "scores": {
          "buildability": 20,
          "investability": 63.3,
          "strategicity": 37.5,
          "supplierability": 47.9,
          "trade_resilience": 68.6
        },
        "sector": "Clean Energy \u0026 Grid",
        "slug": "skinners-pond-wind-energy-centre"
      }
    },
    {
      "type": "Feature",
      "geometry": {
        "coordinates": [
          -122.33631121760547,
          53.430879068945806
        ],
        "type": "Point"
      },
      "properties": {
        "capex_cad": 425000000,
        "current_stage": "ANNOUNCED",
        "id": "f5d0e196-6a85-54ba-92ba-cb1e533432ca",
        "name": "Nilhts'i Ecoener Project ",
        "province": "BC",
        "scores": {
          "buildability": 20,
          "investability": 68.3,
          "strategicity": 37.5,
          "supplierability": 47.9,
          "trade_resilience": 68.6
        },
        "sector": "Clean Energy \u0026 Grid",
        "slug": "nilhts-i-ecoener-project"
      }
    },
    {
      "type": "Feature",
      "geometry": {
        "coordinates": [
          -71.9508440891272,
          45.4832172118445
        ],
        "type": "Point"
      },
      "properties": {
        "capex_cad": 397000000,
        "current_stage": "CONSTRUCTION",
        "id": "f5e46a7a-36d8-52c8-8969-120ceb974d10",
        "name": "Brompton paper upgrade",
        "province": "QC",
        "scores": {
          "buildability": 95,
          "investability": 70,
          "strategicity": 20,
          "supplierability": 66.7,
          "trade_resilience": 68.6
        },
        "sector": "Forestry \u0026 Bioeconomy",
        "slug": "brompton-paper-upgrade"
      }
    },
    {
      "type": "Feature",
      "geometry": {
        "coordinates": [
          -79.19000377817578,
          48.210009343261355
        ],
        "type": "Point"
      },
      "properties": {
        "capex_cad": 533000000,
        "current_stage": "ANNOUNCED",
        "id": "f69542c3-7876-523c-8f87-37c22a89dc81",
        "name": "Wasamac",
        "province": "QC",
        "scores": {
          "buildability": 20,
          "investability": 58.3,
          "strategicity": 20,
          "supplierability": 47.9,
          "trade_resilience": 68.6
        },
        "sector": "Mining \u0026 Metals",
        "slug": "wasamac"
      }
    },
    {
      "type": "Feature",
      "geometry": {
        "coordinates": [
          -110.82403594354774,
          55.448226400882255
        ],
        "type": "Point"
      },
      "properties": {
        "capex_cad": 7700000000,
        "current_stage": "CONSTRUCTION",
        "id": "f6ad3187-104b-5e10-b60d-4128fc88a1f5",
        "name": "Pike (Formely Kirby)",
        "province": "AB",
        "scores": {
          "buildability": 95,
          "investability": 75,
          "strategicity": 20,
          "supplierability": 66.7,
          "trade_resilience": 68.6
        },
        "sector": "Energy \u0026 Fuels",
        "slug": "pike-formely-kirby"
      }
    },
    {
      "type": "Feature",
      "geometry": {
        "coordinates": [
          -117.73701652415909,
          49.33563122565679
        ],
        "type": "Point"
      },
      "properties": {
        "capex_cad": 35000000,
        "current_stage": "ANNOUNCED",
        "id": "f6c26f85-1485-5aa2-bbbb-ded3db6c0841",
        "name": "Mill improvement",
        "province": "BC",
        "scores": {
          "buildability": 20,
          "investability": 50,
          "strategicity": 20,
          "supplierability": 47.9,
          "trade_resilience": 68.6
        },
        "sector": "Forestry \u0026 Bioeconomy",
        "slug": "mill-improvement"
      }
    },
    {
      "type": "Feature",
      "geometry": {
        "coordinates": [
          -54.02714193437833,
          47.752800932336214
        ],
        "type": "Point"
      },
      "properties": {
        "capex_cad": 10000000000,
        "current_stage": "ANNOUNCED",
        "id": "f8c6b4e4-d251-543e-9114-c2f30792a44d",
        "name": "Grassy Point LNG",
        "province": "NL",
        "scores": {
          "buildability": 20,
          "investability": 63.3,
          "strategicity": 20,
          "supplierability": 47.9,
          "trade_resilience": 68.6
        },
        "sector": "Energy \u0026 Fuels",
        "slug": "grassy-point-lng"
      }
    },
    {
      "type": "Feature",
      "geometry": {
        "coordinates": [
          -128.63807583162247,
          54.08195605054043
        ],
        "type": "Point"
      },
      "properties": {
        "capex_cad": 25000000000,
        "current_stage": "ANNOUNCED",
        "id": "fc504dfe-6485-5efc-9c4c-73b11dd0ea9f",
        "name": "LNG Canada Phase 2",
        "province": "BC",
        "scores": {
          "buildability": 20,
          "investability": 63.3,
          "strategicity": 20,
          "supplierability": 47.9,
          "trade_resilience": 68.6
        },
        "sector": "Energy \u0026 Fuels",
        "slug": "lng-canada-phase-2"
      }
    },
    {
      "type": "Feature",
      "geometry": {
        "coordinates": [
          -135.92850429038748,
          63.6329138445514
        ],
        "type": "Point"
      },
      "properties": {
        "capex_cad": 200000000,
        "current_stage": "ANNOUNCED",
        "id": "fc8bb1b7-aaf3-5401-a3ec-9281d6fe2fe4",
        "name": "Mayo hydro faciltity upgrades",
        "province": "YT",
        "scores": {
          "buildability": 20,
          "investability": 63.3,
          "strategicity": 56.3,
          "supplierability": 47.9,
          "trade_resilience": 68.6
        },
        "sector": "Clean Energy \u0026 Grid",
        "slug": "mayo-hydro-faciltity-upgrades"
      }
    },
    {
      "type": "Feature",
      "geometry": {
        "coordinates": [
          -67.18001992633815,
          52.54810046931572
        ],
        "type": "Point"
      },
      "properties": {
        "capex_cad": 236500000,
        "current_stage": "ANNOUNCED",
        "id": "fcdae9a0-0a74-5414-9b6b-d8401bfa4a26",
        "name": "Lac Knife",
        "province": "QC",
        "scores": {
          "buildability": 20,
          "investability": 53.3,
          "strategicity": 20,
          "supplierability": 47.9,
          "trade_resilience": 68.6
        },
        "sector": "Mining \u0026 Metals",
        "slug": "lac-knife"
      }
    },
    {
      "type": "Feature",
      "geometry": {
        "coordinates": [
          -114.08001425483637,
          51.04532474470257
        ],
        "type": "Point"
      },
      "properties": {
        "capex_cad": 207000000,
        "current_stage": "CONSTRUCTION",
        "id": "fd70adad-2f62-5b4b-a8ce-2032dd6a993a",
        "name": "Enmax Substation No. 1",
        "province": "AB",
        "scores": {
          "buildability": 95,
          "investability": 65,
          "strategicity": 20,
          "supplierability": 66.7,
          "trade_resilience": 68.6
        },
        "sector": "Energy \u0026 Fuels",
        "slug": "enmax-substation-no-1"
      }
    }
  ]
}
